,Sector,Stock Name,Buy,Sell
0,NIFTY 50,ADANIENT,17523,1623
1,NIFTY 50,DRREDDY,2410,123
2,NIFTY 50,SHRIRAMFIN,2126,87
3,NIFTY 50,COALINDIA,0,0
4,NIFTY 50,WIPRO,0,0
5,NIFTY 50,HEROMOTOCO,142,24
6,NIFTY 50,INDUSINDBK,723,192
7,NIFTY 50,HDFCBANK,2567,1023
8,NIFTY 50,BPCL,7836,1503
9,NIFTY 50,ASIANPAINT,511,74
10,NIFTY 50,BAJAJFINSV,299,21
11,NIFTY 50,ULTRACEMCO,176,55
12,NIFTY 50,ONGC,7175,3894
13,NIFTY 50,HDFCLIFE,392,809
14,NIFTY 50,BEL,28030,8981
15,NIFTY 50,BAJFINANCE,116,4
16,NIFTY 50,SBILIFE,142,7
17,NIFTY 50,NTPC,11064,5827
18,NIFTY 50,TRENT,198,290
19,NIFTY 50,EICHERMOT,247,34
20,NIFTY 50,BRITANNIA,49,17
21,NIFTY 50,LT,682,268
22,NIFTY 50,ICICIBANK,1255,463
23,NIFTY 50,MARUTI,33,76
24,NIFTY 50,TECHM,428,66
25,NIFTY 50,TITAN,1062,96
26,NIFTY 50,ITC,0,0
27,NIFTY 50,NESTLEIND,156,71
28,NIFTY 50,GRASIM,10,0
29,NIFTY 50,KOTAKBANK,174,94
30,NIFTY 50,POWERGRID,2477,357
31,NIFTY 50,JSWSTEEL,354,798
32,NIFTY 50,SUNPHARMA,644,58
33,NIFTY 50,SBIN,4685,1102
34,NIFTY 50,TATACONSUM,322,541
35,NIFTY 50,HINDALCO,969,34
36,NIFTY 50,HINDUNILVR,397,80
37,NIFTY 50,AXISBANK,2851,52
38,NIFTY 50,TATAMOTORS,8822,3415
39,NIFTY 50,RELIANCE,4958,1362
40,NIFTY 50,BAJAJ-AUTO,155,55
41,NIFTY 50,ADANIPORTS,0,0
42,NIFTY 50,TCS,260,129
43,NIFTY 50,HCLTECH,346,74
44,NIFTY 50,M&M,2332,567
45,NIFTY 50,TATASTEEL,18844,11264
46,NIFTY 50,CIPLA,302,7
47,NIFTY 50,BHARTIARTL,510,1318
48,NIFTY 50,INFY,795,3771
49,Nifty Bank,CANBK,56475,3010
50,Nifty Bank,PNB,19594,1350
51,Nifty Bank,BANKBARODA,3171,706
52,Nifty Bank,INDUSINDBK,723,192
53,Nifty Bank,HDFCBANK,2567,1023
54,Nifty Bank,AUBANK,521,15
55,Nifty Bank,IDFCFIRSTB,0,0
56,Nifty Bank,ICICIBANK,1255,463
57,Nifty Bank,KOTAKBANK,174,94
58,Nifty Bank,SBIN,4685,1102
59,Nifty Bank,FEDERALBNK,4077,2346
60,Nifty Bank,AXISBANK,2851,52
61,Emerge,AIMTRON,0,0
62,Emerge,NEELAM,0,0
63,Emerge,ASLIND,0,0
64,Emerge,MEGAFLEX,3000,0
65,Emerge,TECHERA,1600,0
66,Emerge,BRACEPORT,0,0
67,Emerge,JALAN,0,0
68,Emerge,COOLCAPS,0,0
69,Emerge,RBMINFRA,200,0
70,Emerge,PRITIKA,0,0
71,Emerge,SYSTANGO,0,0
72,Emerge,UHTL,2000,0
73,Emerge,ESFL,300,0
74,Emerge,PRATHAM,400,0
75,Emerge,ASPIRE,0,0
76,Emerge,GOYALSALT,0,0
77,Emerge,NAMOEWASTE,0,0
78,Emerge,SAHANA,125,0
79,Emerge,DANISH,0,0
80,Emerge,KODYTECH,50,0
81,Emerge,SUPREMEPWR,1000,0
82,Emerge,KOTYARK,0,0
83,Emerge,ORIANA,0,0
84,Emerge,CGRAPHICS,0,0
85,Emerge,ENVIRO,0,0
86,Emerge,ENSER,0,0
87,Emerge,NPST,0,0
88,Emerge,AERON,0,0
89,Emerge,JSLL,0,0
90,Emerge,DPEL,0,0
91,Emerge,DENTALKART,0,0
92,Emerge,KLL,0,0
93,Emerge,PARAGON,0,0
94,Emerge,TECHLABS,0,125
95,Emerge,PREMIUM,0,0
96,Emerge,BIKEWO,0,0
97,Emerge,BMETRICS,0,0
98,Emerge,SAHASRA,0,800
99,Emerge,PERFECT,0,3000
100,Securities in F&O,ADANIENT,17523,1623
101,Securities in F&O,VEDL,24382,593
102,Securities in F&O,IDEA,2099026,466765
103,Securities in F&O,PIIND,520,7
104,Securities in F&O,CHAMBLFERT,4003,502
105,Securities in F&O,INDIGO,144,9
106,Securities in F&O,CANBK,56475,3010
107,Securities in F&O,INDIAMART,95,4
108,Securities in F&O,COLPAL,3772,888
109,Securities in F&O,POLYCAB,1032,99
110,Securities in F&O,IEX,23045,1109
111,Securities in F&O,HINDCOPPER,2787,9
112,Securities in F&O,DRREDDY,2410,123
113,Securities in F&O,MCX,89,12
114,Securities in F&O,BOSCHLTD,0,12
115,Securities in F&O,CONCOR,1765,64
116,Securities in F&O,SHRIRAMFIN,2126,87
117,Securities in F&O,BHEL,39613,365
118,Securities in F&O,COALINDIA,0,0
119,Securities in F&O,AMBUJACEM,6704,8
120,Securities in F&O,SIEMENS,2318,9
121,Securities in F&O,GUJGASLTD,162,100
122,Securities in F&O,HAL,2838,81
123,Securities in F&O,PIDILITIND,158,0
124,Securities in F&O,MUTHOOTFIN,61,1
125,Securities in F&O,NMDC,4019,234
126,Securities in F&O,ATUL,7,0
127,Securities in F&O,ASTRAL,122,299
128,Securities in F&O,ABCAPITAL,2001,35
129,Securities in F&O,ASHOKLEY,7818,1062
130,Securities in F&O,JINDALSTEL,1037,23
131,Securities in F&O,PNB,19594,1350
132,Securities in F&O,WIPRO,0,0
133,Securities in F&O,HAVELLS,1375,36
134,Securities in F&O,HEROMOTOCO,142,24
135,Securities in F&O,HINDPETRO,348,139
136,Securities in F&O,UBL,33,8
137,Securities in F&O,MGL,249,11
138,Securities in F&O,DABUR,539,54
139,Securities in F&O,CANFINHOME,226,0
140,Securities in F&O,M&MFIN,220,57
141,Securities in F&O,BANKBARODA,3171,706
142,Securities in F&O,INDUSINDBK,723,192
143,Securities in F&O,DIVISLAB,150,15
144,Securities in F&O,HDFCAMC,22,10
145,Securities in F&O,ABBOTINDIA,0,0
146,Securities in F&O,BALKRISIND,0,33
147,Securities in F&O,JKCEMENT,33,5
148,Securities in F&O,ICICIGI,19,17
149,Securities in F&O,BIOCON,3806,164
150,Securities in F&O,UNITDSPR,124,104
151,Securities in F&O,HDFCBANK,2567,1023
152,Securities in F&O,PERSISTENT,261,30
153,Securities in F&O,BPCL,7836,1503
154,Securities in F&O,BERGEPAINT,261,139
155,Securities in F&O,ASIANPAINT,511,74
156,Securities in F&O,METROPOLIS,574,5
157,Securities in F&O,ABB,190,107
158,Securities in F&O,IGL,1021,110
159,Securities in F&O,BAJAJFINSV,299,21
160,Securities in F&O,ULTRACEMCO,176,55
161,Securities in F&O,AUROPHARMA,95,24
162,Securities in F&O,GMRINFRA,19920,2744
163,Securities in F&O,RAMCOCEM,56,1
164,Securities in F&O,JUBLFOOD,825,70
165,Securities in F&O,ONGC,7175,3894
166,Securities in F&O,PFC,2297,269
167,Securities in F&O,CROMPTON,52,95
168,Securities in F&O,MOTHERSON,14210,608
169,Securities in F&O,MPHASIS,152,6
170,Securities in F&O,LICHSGFIN,1,4
171,Securities in F&O,HDFCLIFE,392,809
172,Securities in F&O,BEL,28030,8981
173,Securities in F&O,OBEROIRLTY,214,78
174,Securities in F&O,NAVINFLUOR,45,3
175,Securities in F&O,PVRINOX,168,53
176,Securities in F&O,ALKEM,1,3
177,Securities in F&O,TATAPOWER,10134,1529
178,Securities in F&O,AARTIIND,287,138
179,Securities in F&O,SYNGENE,268,153
180,Securities in F&O,AUBANK,521,15
181,Securities in F&O,IOC,26206,3596
182,Securities in F&O,BAJFINANCE,116,4
183,Securities in F&O,LTIM,92,36
184,Securities in F&O,SRF,152,241
185,Securities in F&O,SBILIFE,142,7
186,Securities in F&O,BANDHANBNK,2679,373
187,Securities in F&O,NTPC,11064,5827
188,Securities in F&O,IDFCFIRSTB,0,0
189,Securities in F&O,GLENMARK,88,3
190,Securities in F&O,IPCALAB,12,3
191,Securities in F&O,PAGEIND,4,9
192,Securities in F&O,TRENT,198,290
193,Securities in F&O,ESCORTS,8,22
194,Securities in F&O,CUMMINSIND,141,0
195,Securities in F&O,SBICARD,86,17
196,Securities in F&O,COFORGE,114,175
197,Securities in F&O,ACC,177,34
198,Securities in F&O,EICHERMOT,247,34
199,Securities in F&O,BRITANNIA,49,17
200,Securities in F&O,BHARATFORG,67,1
201,Securities in F&O,NATIONALUM,0,0
202,Securities in F&O,LT,682,268
203,Securities in F&O,TVSMOTOR,104,8
204,Securities in F&O,ICICIBANK,1255,463
205,Securities in F&O,MARUTI,33,76
206,Securities in F&O,TECHM,428,66
207,Securities in F&O,MRF,3,1
208,Securities in F&O,TITAN,1062,96
209,Securities in F&O,ITC,0,0
210,Securities in F&O,GAIL,8456,514
211,Securities in F&O,LTTS,36,32
212,Securities in F&O,NESTLEIND,156,71
213,Securities in F&O,GRASIM,10,0
214,Securities in F&O,KOTAKBANK,174,94
215,Securities in F&O,DALBHARAT,18,6
216,Securities in F&O,TORNTPHARM,14,3
217,Securities in F&O,SUNPHARMA,644,58
218,Securities in F&O,EXIDEIND,3571,1094
219,Securities in F&O,SAIL,6074,14831
220,Securities in F&O,RBLBANK,1514,5554
221,Securities in F&O,LALPATHLAB,28,161
222,Securities in F&O,APOLLOTYRE,59,200
223,Securities in F&O,COROMANDEL,17,10
224,Securities in F&O,LAURUSLABS,453,487
225,Securities in F&O,UPL,230,143
226,Securities in F&O,POWERGRID,2477,357
227,Securities in F&O,DLF,2300,919
228,Securities in F&O,JSWSTEEL,354,798
229,Securities in F&O,GRANULES,825,74
230,Securities in F&O,IRCTC,1388,2175
231,Securities in F&O,FEDERALBNK,4077,2346
232,Securities in F&O,MARICO,838,75
233,Securities in F&O,VOLTAS,334,8
234,Securities in F&O,APOLLOHOSP,53,82
235,Securities in F&O,SBIN,4685,1102
236,Securities in F&O,TATACHEM,100,105
237,Securities in F&O,PEL,777,312
238,Securities in F&O,TATACONSUM,322,541
239,Securities in F&O,HINDALCO,969,34
240,Securities in F&O,LUPIN,412,174
241,Securities in F&O,BSOFT,915,102
242,Securities in F&O,PETRONET,328,52
243,Securities in F&O,HINDUNILVR,397,80
244,Securities in F&O,RECLTD,0,0
245,Securities in F&O,MANAPPURAM,1516,4203
246,Securities in F&O,OFSS,22,9
247,Securities in F&O,DIXON,0,0
248,Securities in F&O,SHREECEM,1,11
249,Securities in F&O,ABFRL,74,635
250,Securities in F&O,ZYDUSLIFE,45,681
251,Securities in F&O,AXISBANK,2851,52
252,Securities in F&O,GODREJCP,33,207
253,Securities in F&O,ICICIPRULI,0,0
254,Securities in F&O,TATAMOTORS,8822,3415
255,Securities in F&O,CUB,595,470
256,Securities in F&O,INDUSTOWER,2521,864
257,Securities in F&O,LTF,11789,318
258,Securities in F&O,NAUKRI,13,92
259,Securities in F&O,RELIANCE,4958,1362
260,Securities in F&O,BAJAJ-AUTO,155,55
261,Securities in F&O,ADANIPORTS,0,0
262,Securities in F&O,TCS,260,129
263,Securities in F&O,HCLTECH,346,74
264,Securities in F&O,M&M,2332,567
265,Securities in F&O,TATACOMM,64,5
266,Securities in F&O,BATAINDIA,25,7
267,Securities in F&O,MFSL,4,49
268,Securities in F&O,DEEPAKNTR,0,73
269,Securities in F&O,TATASTEEL,18844,11264
270,Securities in F&O,CIPLA,302,7
271,Securities in F&O,GNFC,270,49
272,Securities in F&O,BHARTIARTL,510,1318
273,Securities in F&O,INFY,795,3771
274,Securities in F&O,INDHOTEL,590,128
275,Securities in F&O,SUNTV,7,0
276,Securities in F&O,GODREJPROP,0,0
277,Securities in F&O,CHOLAFIN,25,4
278,Others,SECMARK,5,0
279,Others,ARTNIRMAN,5,0
280,Others,SILGO,928,10
281,Others,GENCON,1,0
282,Others,E2E,3925,14
283,Others,DHRUV,220,0
284,Others,AIMTRON,0,0
285,Others,KERNEX,2474,0
286,Others,PANSARI,10,0
287,Others,PKTEA,19,0
288,Others,MCLEODRUSS,163068,0
289,Others,CCCL,3464,200
290,Others,ACCURACY,12973,295
291,Others,YAARI,129405,0
292,Others,PRUDMOULI,1001,0
293,Others,NEELAM,0,0
294,Others,ASLIND,0,0
295,Others,NKIND,0,0
296,Others,MARSHALL,8,0
297,Others,NIBL,7,0
298,Others,OSWALSEEDS,33,0
299,Others,PODDARHOUS,0,0
300,Others,IL&FSTRANS,48,0
301,Others,SIMPLEXINF,359,0
302,Others,GOENKA,1606,27
303,Others,ANKITMETAL,110,0
304,Others,MEGAFLEX,3000,0
305,Others,GATECHDVR,3814,0
306,Others,UNITEDPOLY,0,1
307,Others,BURNPUR,3,0
308,Others,EXCEL,0,0
309,Others,ADROITINFO,216,1
310,Others,UMESLTD,550,9
311,Others,LOYALTEX,5,0
312,Others,ADANIENSOL,60978,462
313,Others,TOUCHWOOD,7,0
314,Others,TECHERA,1600,0
315,Others,HINDNATGLS,90,0
316,Others,KRITI,50,0
317,Others,SETCO,0,0
318,Others,COCHINSHIP,0,0
319,Others,RUCHINFRA,5001,0
320,Others,NBIFIN,95,0
321,Others,BRACEPORT,0,0
322,Others,ARCHIES,39,1
323,Others,VCL,4001,2000
324,Others,CINEVISTA,40,0
325,Others,ONELIFECAP,1000,0
326,Others,JALAN,0,0
327,Others,DIGIDRIVE,2,0
328,Others,JHS,0,0
329,Others,SHREERAMA,8931,1055
330,Others,KEC,11909,1282
331,Others,MASTERTR,264,0
332,Others,THOMASCOTT,20,0
333,Others,RANEENGINE,17,0
334,Others,FLFL,900,0
335,Others,COOLCAPS,0,0
336,Others,RVHL,1104,2
337,Others,SARVESHWAR,34587,419
338,Others,ORTINGLOBE,1,0
339,Others,SHIVATEX,8,0
340,Others,HEADSUP,0,0
341,Others,ALKALI,1,0
342,Others,GLOBALVECT,186,0
343,Others,KAYA,18,0
344,Others,UNITEDTEA,1,0
345,Others,ADANIGREEN,53577,690
346,Others,CHEMFAB,2,1
347,Others,RPPL,103,0
348,Others,ATGL,0,0
349,Others,AMDIND,0,0
350,Others,BANKA,1,0
351,Others,IMPEXFERRO,2,0
352,Others,AKI,12,7
353,Others,TIL,0,0
354,Others,NEXTMEDIA,179,4413
355,Others,OLAELEC,597111,17582
356,Others,SECURKLOUD,5,0
357,Others,HCL-INSYS,725,58
358,Others,DUCON,2327,135
359,Others,SELMC,30,0
360,Others,MACPOWER,351,5
361,Others,PALREDTEC,10,0
362,Others,ZODIACLOTH,20,0
363,Others,HATHWAY,19962,5444
364,Others,SILLYMONKS,1167,0
365,Others,PURVA,1425,250
366,Others,EMMBI,51,0
367,Others,WEALTH,100,0
368,Others,SANGINITA,25,0
369,Others,RPOWER,0,0
370,Others,TCLCONS,611,1
371,Others,SOLARA,336,0
372,Others,TFL,100,0
373,Others,RBMINFRA,200,0
374,Others,BAGFILMS,10064,0
375,Others,SANSTAR,2166,0
376,Others,VIPULLTD,2001,30
377,Others,IEL,40470,0
378,Others,PRITIKA,0,0
379,Others,VARDMNPOLY,130,5
380,Others,AARTECH,131,1
381,Others,RAMRAT,100,0
382,Others,AVL,668,1
383,Others,JISLDVREQS,0,0
384,Others,NGIL,1,0
385,Others,AMBICAAGAR,0,0
386,Others,ENERGYDEV,203,4
387,Others,LFIC,0,0
388,Others,EIMCOELECO,1,0
389,Others,AKSHOPTFBR,0,0
390,Others,SGL,1,0
391,Others,AFFORDABLE,0,5
392,Others,BALAXI,105,0
393,Others,EMKAY,771,506
394,Others,ZENITHSTL,0,0
395,Others,PTCIL,2,0
396,Others,SYSTANGO,0,0
397,Others,DCMNVL,9,0
398,Others,ASAHISONG,11,0
399,Others,PASUPTAC,37,0
400,Others,BANARBEADS,1,0
401,Others,63MOONS,116,141
402,Others,UHTL,2000,0
403,Others,INDOWIND,6113,0
404,Others,SETUINFRA,249,0
405,Others,GMRP&UI,39018,311
406,Others,ESFL,300,0
407,Others,TGBHOTELS,0,0
408,Others,XTGLOBAL,1,0
409,Others,COUNCODOS,9,0
410,Others,SUVIDHAA,224,28
411,Others,DIL,28433,10002
412,Others,MANAKCOAT,2136,3
413,Others,MARINE,11587,0
414,Others,FLAIR,0,0
415,Others,ADANIPOWER,99637,4121
416,Others,NDRAUTO,45,0
417,Others,ELGIRUBCO,63,0
418,Others,MAGADSUGAR,46,5
419,Others,SANWARIA,29488,0
420,Others,SMLT,5,0
421,Others,CCL,2102,305
422,Others,DJML,0,0
423,Others,KAVVERITEL,1,0
424,Others,KOTHARIPET,573,1
425,Others,JOCIL,0,0
426,Others,GODHA,5698,3335
427,Others,RAMANEWS,5,0
428,Others,BLISSGVS,12933,25
429,Others,GREENLAM,350,0
430,Others,HILTON,11,0
431,Others,SAKSOFT,1510,71
432,Others,VSTL,1,26
433,Others,GALLANTT,30,0
434,Others,PRITIKAUTO,3156,298
435,Others,PRATHAM,400,0
436,Others,OSWALAGRO,3,0
437,Others,YUKEN,2,0
438,Others,GRSE,4910,641
439,Others,SILVERTUC,3,0
440,Others,PRECOT,0,0
441,Others,NDLVENTURE,0,0
442,Others,BRNL,5,1
443,Others,PREMEXPLN,1182,4
444,Others,AHLADA,0,0
445,Others,RAJRILTD,170,0
446,Others,TAINWALCHM,10,0
447,Others,NINSYS,10,0
448,Others,KCPSUGIND,272,0
449,Others,MITCON,1,0
450,Others,JETFREIGHT,110,0
451,Others,ISFT,0,0
452,Others,BIRLACABLE,2,0
453,Others,GTL,2150,107
454,Others,MBLINFRA,150,0
455,Others,GILLANDERS,223,4
456,Others,HIRECT,22,0
457,Others,AROGRANITE,0,0
458,Others,INDOTECH,79,2
459,Others,SURANASOL,117,48
460,Others,BEARDSELL,0,2
461,Others,WALCHANNAG,864,0
462,Others,SONATSOFTW,12493,853
463,Others,VERTOZ,10750,7
464,Others,HONASA,923,100
465,Others,MEDICO,51,29
466,Others,GVPTECH,3,38
467,Others,PROZONER,100,0
468,Others,WSI,306,0
469,Others,MKPL,4017,22
470,Others,PCBL,13134,110
471,Others,NBCC,55535,3292
472,Others,AAREYDRUGS,5,0
473,Others,BFUTILITIE,265,40
474,Others,MANINFRA,205,23
475,Others,WINDMACHIN,313,0
476,Others,PRAENG,50,0
477,Others,AVROIND,110,0
478,Others,JYOTISTRUC,45829,0
479,Others,TARACHAND,88,0
480,Others,MOHITIND,0,0
481,Others,GODAVARIB,2372,50
482,Others,JAIPURKURT,0,0
483,Others,URJA,18490,6855
484,Others,SUMMITSEC,152,0
485,Others,ASPIRE,0,0
486,Others,NIPPOBATRY,100,10
487,Others,IRISDOREME,0,0
488,Others,OSIAHYPER,32,0
489,Others,SAKUMA,18464,2037
490,Others,EPIGRAL,305,0
491,Others,SUYOG,97,7
492,Others,AUSOMENT,140,0
493,Others,DCXINDIA,1695,0
494,Others,CONSOFINVT,5,0
495,Others,BLSE,3220,0
496,Others,LIBAS,30,0
497,Others,LPDC,3,13
498,Others,SWIGGY,29709,5482
499,Others,ASHOKA,0,0
500,Others,ARSHIYA,151,10
501,Others,AKUMS,141,1
502,Others,GOYALSALT,0,0
503,Others,ASHIMASYN,1580,0
504,Others,HOVS,0,0
505,Others,NURECA,1,0
506,Others,RELCHEMQ,100,0
507,Others,NAGREEKEXP,0,0
508,Others,MOKSH,24,2
509,Others,GLOBE,651,168
510,Others,EIFFL,6,0
511,Others,DEEPINDS,960,25
512,Others,ORBTEXP,309,10
513,Others,SPMLINFRA,0,0
514,Others,TIPSFILMS,1,40
515,Others,BGRENERGY,58,0
516,Others,TARMAT,15,0
517,Others,HARDWYN,2581,0
518,Others,MGEL,1605,0
519,Others,PYRAMID,1708,0
520,Others,DANGEE,2,110
521,Others,GRPLTD,5,0
522,Others,SPLIL,11,0
523,Others,BBTC,157,5
524,Others,EMIL,2378,84
525,Others,MUFIN,501,0
526,Others,YATRA,276,150
527,Others,SCILAL,5576,0
528,Others,SANGHVIMOV,0,0
529,Others,TPHQ,1281,5343
530,Others,RAMCOIND,1383,67
531,Others,UNIVCABLES,15,0
532,Others,BVCL,300,0
533,Others,CAREERP,1,0
534,Others,SARDAEN,1715,0
535,Others,DELPHIFX,7,0
536,Others,INDIANHUME,244,0
537,Others,STEL,4,0
538,Others,DEEDEV,360,0
539,Others,ROTO,1385,0
540,Others,GOKEX,215,0
541,Others,UDAICEMENT,3370,0
542,Others,UYFINCORP,49,0
543,Others,RUSTOMJEE,25,0
544,Others,MINDTECK,821,338
545,Others,CYBERTECH,1656,0
546,Others,HPL,2271,100
547,Others,LAL,1,0
548,Others,JAYSREETEA,261,0
549,Others,IREDA,30972,1405
550,Others,DBSTOCKBRO,10,0
551,Others,EMAMIREAL,91,0
552,Others,RBL,0,0
553,Others,SINCLAIR,0,0
554,Others,KILITCH,5,1
555,Others,CTE,0,0
556,Others,POCL,72,0
557,Others,TCPLPACK,16,0
558,Others,AIRAN,909,3
559,Others,WAAREEENER,0,134
560,Others,UNIENTER,10,0
561,Others,BORORENEW,1146,12
562,Others,GINNIFILA,0,0
563,Others,VENUSPIPES,19,7
564,Others,LINC,1,0
565,Others,FEL,2804,0
566,Others,SADBHIN,3076,0
567,Others,STARHEALTH,734,362
568,Others,VHLTD,3,0
569,Others,ITDC,806,30
570,Others,SCPL,5,0
571,Others,KANSAINER,36,0
572,Others,MICEL,1934,0
573,Others,MAZDA,15,0
574,Others,NOIDATOLL,700,0
575,Others,NRL,0,0
576,Others,SOMATEX,0,4
577,Others,NATCOPHARM,1992,414
578,Others,KMSUGAR,10,0
579,Others,KITEX,356,123
580,Others,WCIL,514,19
581,Others,MURUDCERA,0,0
582,Others,APCOTEXIND,9,0
583,Others,ZODIAC,25,50
584,Others,ATULAUTO,152,0
585,Others,MUFTI,11,0
586,Others,BHARATRAS,11,1
587,Others,AARVI,0,200
588,Others,AJMERA,3140,13
589,Others,HISARMETAL,25,0
590,Others,AFFLE,179,4
591,Others,INCREDIBLE,2,2
592,Others,TBZ,219,0
593,Others,IVC,258,101
594,Others,PSB,9429,8
595,Others,JPOLYINVST,16,0
596,Others,AGROPHOS,1,0
597,Others,SIGIND,356,0
598,Others,JAMNAAUTO,1958,577
599,Others,HUDCO,0,0
600,Others,CORDSCABLE,0,0
601,Others,GREENPANEL,900,30
602,Others,MTNL,21545,27
603,Others,RAYMOND,824,27
604,Others,STEELXIND,6642,1006
605,Others,MHLXMIRU,80,0
606,Others,BANSALWIRE,609,0
607,Others,NAMOEWASTE,0,0
608,Others,MUKANDLTD,808,0
609,Others,ECOSMOBLTY,10,0
610,Others,SAGARDEEP,1,0
611,Others,RAJMET,1571,1786
612,Others,ANMOL,1300,0
613,Others,GIPCL,344,0
614,Others,SHIVALIK,3,0
615,Others,UNIPARTS,0,0
616,Others,NORTHARC,1963,0
617,Others,HPIL,25,0
618,Others,VAKRANGEE,3030,33
619,Others,WEIZMANIND,0,0
620,Others,VRLLOG,6,1
621,Others,NAHARCAP,173,0
622,Others,BSE,2918,216
623,Others,GENSOL,19,228
624,Others,SMLISUZU,60,0
625,Others,HMAAGRO,603,253
626,Others,SEQUENT,125,0
627,Others,RTNINDIA,0,0
628,Others,RANASUG,5,4
629,Others,SARLAPOLY,9101,934
630,Others,SITINET,31961,1448
631,Others,LYPSAGEMS,2,0
632,Others,SIL,249,251
633,Others,LLOYDSENGG,40270,6
634,Others,GLOBAL,69,0
635,Others,IIFL,157,34
636,Others,MATRIMONY,53,0
637,Others,APOLSINHOT,4,0
638,Others,KPEL,501,30
639,Others,INDOCO,0,3
640,Others,MUNJALSHOW,11,0
641,Others,OCCL,0,13
642,Others,EVERESTIND,202,10
643,Others,SPANDANA,1270,3
644,Others,GEEKAYWIRE,62,173
645,Others,ISGEC,125,0
646,Others,DMCC,1,0
647,Others,TARSONS,5,0
648,Others,INDRAMEDCO,246,0
649,Others,ZEEMEDIA,157,114
650,Others,HLVLTD,1093,0
651,Others,JUBLPHARMA,542,152
652,Others,AFIL,500,100
653,Others,EUREKAFORB,50,70
654,Others,MCL,9,4
655,Others,MAHEPC,3,0
656,Others,COMSYN,1001,0
657,Others,BANCOINDIA,651,93
658,Others,TOKYOPLAST,80,0
659,Others,AWFIS,0,0
660,Others,BCLIND,4717,9
661,Others,AVANTEL,2532,20
662,Others,ASPINWALL,0,0
663,Others,BAJAJELEC,502,118
664,Others,CAPITALSFB,0,0
665,Others,IGARASHI,158,0
666,Others,REPL,5,0
667,Others,JAYNECOIND,16,0
668,Others,SPLPETRO,102,0
669,Others,SAHANA,125,0
670,Others,GFLLIMITED,0,1
671,Others,BALAJEE,0,0
672,Others,DHANBANK,388,0
673,Others,RSSOFTWARE,157,50
674,Others,PGHL,3,7
675,Others,GARUDA,997,4
676,Others,CEIGALL,21,38
677,Others,INDNIPPON,3,0
678,Others,AURIONPRO,4,0
679,Others,INTELLECT,157,101
680,Others,MUNJALAU,111,0
681,Others,BHANDARI,23,116
682,Others,MAGNUM,12,0
683,Others,DPSCLTD,0,0
684,Others,APLAPOLLO,55,10
685,Others,MHRIL,580,0
686,Others,BLUESTARCO,952,14
687,Others,LOVABLE,0,0
688,Others,SBCL,141,15
689,Others,ARMANFIN,15,0
690,Others,ARVSMART,70,0
691,Others,TIIL,15,2
692,Others,VHL,11,0
693,Others,ACCELYA,27,0
694,Others,EXCELINDUS,67,1
695,Others,BAJAJHCARE,414,150
696,Others,DANISH,0,0
697,Others,MITTAL,919,584
698,Others,SBGLP,0,0
699,Others,RADIANTCMS,1,0
700,Others,GVKPIL,3591,2812
701,Others,STEELCITY,0,0
702,Others,VEEDOL,5,0
703,Others,IVP,0,1
704,Others,KODYTECH,50,0
705,Others,VIVIDHA,1359,707
706,Others,HIMATSEIDE,2680,286
707,Others,SALZERELEC,23,30
708,Others,SUPREMEPWR,1000,0
709,Others,GENUSPAPER,100,2
710,Others,NEWGEN,1142,83
711,Others,KSOLVES,29,9
712,Others,SURYAROSNI,1282,10
713,Others,RATNAVEER,478,6
714,Others,UTIAMC,612,8
715,Others,RADICO,235,4
716,Others,LYKALABS,1772,36
717,Others,PRUDENT,11,0
718,Others,RPGLIFE,6,0
719,Others,PHOENIXLTD,54,32
720,Others,DMART,0,0
721,Others,GTLINFRA,89937,23226
722,Others,BAJAJHLDNG,21,12
723,Others,MTARTECH,3,8
724,Others,KRONOX,4276,0
725,Others,GODIGIT,517,310
726,Others,AGRITECH,156,25
727,Others,AKZOINDIA,31,4
728,Others,BDL,4119,770
729,Others,NETWORK18,885,488
730,Others,KOTYARK,0,0
731,Others,HONDAPOWER,14,0
732,Others,NYKAA,680,599
733,Others,ADVENZYMES,282,0
734,Others,AVONMORE,7003,222
735,Others,MEDIASSIST,198,76
736,Others,NOCIL,13,20
737,Others,ASTRAMICRO,259,2
738,Others,GMMPFAUDLR,76,0
739,Others,NAGAFERT,2258,104
740,Others,MASTEK,212,11
741,Others,CYIENTDLM,163,31
742,Others,ZENTEC,365,92
743,Others,NEOGEN,122,2
744,Others,SOUTHWEST,192,0
745,Others,SIGNATURE,110,1
746,Others,RELTD,1539,0
747,Others,MANGCHEFER,1363,1
748,Others,JAGRAN,3607,382
749,Others,ORICONENT,10,0
750,Others,IFBIND,80,1
751,Others,CCHHL,187,0
752,Others,VIKASECO,4385,1685
753,Others,MMFL,47,0
754,Others,KOPRAN,8,0
755,Others,MSTCLTD,282,82
756,Others,KOTARISUG,1,0
757,Others,ITDCEM,309,0
758,Others,PRESTIGE,572,503
759,Others,BALAJITELE,1,0
760,Others,IRBINVIT,3,8
761,Others,LATENTVIEW,233,100
762,Others,INDBANK,200,0
763,Others,JSFB,125,0
764,Others,DODLA,4,0
765,Others,MAXHEALTH,232,66
766,Others,PNBGILTS,3137,1
767,Others,CHOLAHLDNG,21,5
768,Others,DYCL,94,0
769,Others,A2ZINFRA,0,0
770,Others,ASHIANA,100,0
771,Others,CERA,6,1
772,Others,TANLA,372,10
773,Others,EIHAHOTELS,131,11
774,Others,RELINFRA,1702,139
775,Others,BBOX,178,3
776,Others,MANOMAY,0,0
777,Others,GKWLIMITED,5,0
778,Others,RKSWAMY,41,0
779,Others,OAL,3,0
780,Others,CHOICEIN,106,0
781,Others,SHILPAMED,477,17
782,Others,AXITA,3424,60143
783,Others,PATELENG,3690,62
784,Others,STYLEBAAZA,0,0
785,Others,ENDURANCE,0,0
786,Others,ANDHRSUGAR,1251,0
787,Others,UNIECOM,258,100
788,Others,DREAMFOLKS,500,50
789,Others,SMARTLINK,8,0
790,Others,OPTIEMUS,51,0
791,Others,WOCKPHARMA,411,7
792,Others,INGERRAND,62,0
793,Others,REMSONSIND,0,0
794,Others,ASTERDM,4858,2302
795,Others,BHAGYANGR,50,35
796,Others,ZOTA,1,0
797,Others,GODFRYPHLP,16,2
798,Others,KMEW,8,0
799,Others,DCMSRIND,2,0
800,Others,APTUS,418,15
801,Others,POWERINDIA,17,0
802,Others,BHARATWIRE,252,0
803,Others,MONTECARLO,100,0
804,Others,PDMJEPAPER,284,0
805,Others,OMAXAUTO,248,0
806,Others,ASHAPURMIN,230,0
807,Others,GULFPETRO,74,0
808,Others,GSLSU,1,0
809,Others,VAISHALI,58,10
810,Others,ARE&M,1189,12
811,Others,SVPGLOB,2,0
812,Others,AARTIDRUGS,2,1
813,Others,SADBHAV,210,37
814,Others,RUCHIRA,0,0
815,Others,TIRUMALCHM,177,50
816,Others,BLKASHYAP,650,0
817,Others,TARC,57,0
818,Others,SUTLEJTEX,0,0
819,Others,NUVOCO,405,49
820,Others,ANUP,44,27
821,Others,VASCONEQ,2320,0
822,Others,TRIGYN,0,0
823,Others,SURANAT&P,68,0
824,Others,RSYSTEMS,68,0
825,Others,FELDVR,10,0
826,Others,INDIAGLYCO,219,0
827,Others,GUFICBIO,0,0
828,Others,HITECH,334,10
829,Others,GABRIEL,32,8
830,Others,BHAGCHEM,250,0
831,Others,KRIDHANINF,1,0
832,Others,GALAPREC,3,19
833,Others,FINEORG,5,0
834,Others,MANBA,324,10
835,Others,BOROSCI,282,0
836,Others,SYMPHONY,10,0
837,Others,PRAKASH,142,59
838,Others,FIRSTCRY,47,1
839,Others,ASTRAZEN,28,0
840,Others,EIHOTEL,222,0
841,Others,THERMAX,6,7
842,Others,AUTOIND,0,0
843,Others,AWHCL,83,0
844,Others,NAZARA,120,4
845,Others,SOUTHBANK,25716,294
846,Others,GRAVITA,307,82
847,Others,DTIL,0,0
848,Others,CAPACITE,4528,157
849,Others,SURAJEST,0,0
850,Others,GUJALKALI,64,1
851,Others,GRAPHITE,1114,2
852,Others,ESAFSFB,92,1
853,Others,ROLEXRINGS,10,0
854,Others,GATEWAY,202,121
855,Others,JINDALSAW,962,554
856,Others,ORIANA,0,0
857,Others,GULPOLY,715,0
858,Others,STLTECH,5257,1201
859,Others,SOMANYCERA,198,0
860,Others,CASTROLIND,782,350
861,Others,360ONE,150,10
862,Others,FIVESTAR,114,202
863,Others,PARAGMILK,802,20
864,Others,POWERMECH,9,0
865,Others,FSL,2798,83
866,Others,PNGJL,155,0
867,Others,MAZDOCK,5037,545
868,Others,LODHA,870,136
869,Others,JINDALPHOT,53,0
870,Others,MINDACORP,108,0
871,Others,ECLERX,296,131
872,Others,ANANDRATHI,53,10
873,Others,IONEXCHANG,1801,5
874,Others,INOXINDIA,8,0
875,Others,GTPL,50,0
876,Others,INSECTICID,0,0
877,Others,ANDHRAPAP,11,0
878,Others,CONTROLPR,6,0
879,Others,CGPOWER,5062,577
880,Others,JBMA,71,0
881,Others,VINCOFE,501,1
882,Others,GNA,0,0
883,Others,CHEVIOT,3,0
884,Others,SPARC,297,0
885,Others,WINDLAS,9,0
886,Others,PARAS,271,100
887,Others,STARCEMENT,77,1
888,Others,VOLTAMP,13,0
889,Others,IFGLEXPOR,18,0
890,Others,KRISHANA,0,0
891,Others,CLSEL,0,0
892,Others,KALYANKJIL,5779,383
893,Others,BAJAJHFL,19507,4810
894,Others,CHALET,147,6
895,Others,WEBELSOLAR,158,117
896,Others,GRMOVER,0,0
897,Others,MMTC,1476,3
898,Others,PARKHOTELS,395,496
899,Others,GPTINFRA,0,0
900,Others,RPSGVENT,0,2
901,Others,RAJRATAN,6,0
902,Others,RRKABEL,74,1
903,Others,BBL,13,2
904,Others,BAJAJHIND,38495,573
905,Others,5PAISA,30,0
906,Others,AHLUCONT,0,20
907,Others,BPL,200,0
908,Others,HAPPSTMNDS,238,120
909,Others,AMRUTANJAN,200,0
910,Others,MARKSANS,2868,120
911,Others,TASTYBITE,1,1
912,Others,MORARJEE,1,0
913,Others,AVANTIFEED,125,77
914,Others,AGARIND,25,0
915,Others,INNOVACAP,0,0
916,Others,GARFIBRES,6,1
917,Others,POLYMED,141,63
918,Others,ARTEMISMED,28,48
919,Others,BHAGERIA,8,0
920,Others,KELLTONTEC,790,0
921,Others,BHARTIHEXA,681,47
922,Others,CAMPUS,571,182
923,Others,LINCOLN,20,0
924,Others,AXISCADES,52,0
925,Others,PLATIND,501,0
926,Others,GOPAL,58,37
927,Others,GOYALALUM,185,303
928,Others,STANLEY,14,0
929,Others,SHK,433,0
930,Others,PILANIINVS,0,0
931,Others,EMUDHRA,209,100
932,Others,UTKARSHBNK,1945,2054
933,Others,ZENSARTECH,1130,226
934,Others,MUKKA,3761,569
935,Others,RPPINFRA,391,69
936,Others,TREL,102,2
937,Others,SYNCOMF,6534,4
938,Others,AFCONS,0,0
939,Others,JWL,2309,99
940,Others,SIGACHI,6492,201
941,Others,BRIGADE,6,21
942,Others,QUESS,810,334
943,Others,ZFCVINDIA,201,41
944,Others,ABREL,52,476
945,Others,EXICOM,362,69
946,Others,CGCL,1038,250
947,Others,GANGESSECU,465,0
948,Others,CENTUM,0,0
949,Others,DCI,0,0
950,Others,SHAILY,1547,64
951,Others,HCC,58250,6315
952,Others,RPEL,117,0
953,Others,CGRAPHICS,0,0
954,Others,SHRIRAMPPS,123,3
955,Others,NIITMTS,1,11
956,Others,RKFORGE,112,32
957,Others,HCG,94,18
958,Others,ACMESOLAR,3051,457
959,Others,ALANKIT,458,0
960,Others,VINNY,1682,1650
961,Others,FCSSOFT,0,0
962,Others,NH,124,10
963,Others,ERIS,121,47
964,Others,ETHOSLTD,0,0
965,Others,LINDEINDIA,15,1
966,Others,ENGINERSIN,0,0
967,Others,MIDHANI,516,309
968,Others,ARIES,330,0
969,Others,PRINCEPIPE,137,0
970,Others,PPL,21,0
971,Others,HTMEDIA,5,0
972,Others,INDIGRID,101,0
973,Others,FCL,203,9
974,Others,J&KBANK,2670,223
975,Others,CHEMCON,0,0
976,Others,3IINFOLTD,2435,10
977,Others,PAYTM,0,0
978,Others,HINDOILEXP,1,20
979,Others,NCC,8066,168
980,Others,RAJSREESUG,1,146
981,Others,ENVIRO,0,0
982,Others,EKC,420,5
983,Others,SANGHIIND,420,0
984,Others,FINPIPE,467,104
985,Others,RVNL,0,0
986,Others,MAXIND,55,0
987,Others,TRACXN,20,0
988,Others,INFIBEAM,2520,2630
989,Others,HARRMALAYA,0,2
990,Others,ENSER,0,0
991,Others,ROSSARI,42,9
992,Others,SUVENPHAR,7,81
993,Others,IOB,16655,2027
994,Others,IMFA,0,0
995,Others,NUVAMA,10,4
996,Others,AJANTPHARM,1,0
997,Others,IRFC,38694,17006
998,Others,ESTER,10,11
999,Others,NEXTMEDIA,710,86
1000,Others,CESC,1072,498
1001,Others,KOHINOOR,61,22
1002,Others,ORIENTTECH,270,17
1003,Others,GREENPOWER,4812,235
1004,Others,MOREPENLAB,15515,7011
1005,Others,SWARAJENG,2,3
1006,Others,HERCULES,10,1
1007,Others,JKLAKSHMI,128,6
1008,Others,FAZE3Q,2,0
1009,Others,PARACABLES,1527,815
1010,Others,BAIDFIN,189,1
1011,Others,MADRASFERT,20,0
1012,Others,MAXESTATES,12,0
1013,Others,TCIEXP,27,2
1014,Others,SUPRAJIT,218,46
1015,Others,SHANKARA,152,1
1016,Others,NLCINDIA,796,16
1017,Others,SAMMAANCAP,1402,177
1018,Others,PGEL,1834,96
1019,Others,SATIA,20,0
1020,Others,KAJARIACER,153,7
1021,Others,JLHL,5,0
1022,Others,DELTACORP,1091,43
1023,Others,APOLLO,1057,104
1024,Others,VAIBHAVGBL,108,20
1025,Others,FAIRCHEMOR,4,0
1026,Others,NSIL,6,0
1027,Others,HPAL,1,0
1028,Others,IZMO,307,10
1029,Others,IFCI,7337,1567
1030,Others,HBLPOWER,4381,2051
1031,Others,RICOAUTO,331,0
1032,Others,COSMOFIRST,1,0
1033,Others,VESUVIUS,0,0
1034,Others,RBA,1320,2
1035,Others,CSLFINANCE,5,0
1036,Others,UNOMINDA,810,120
1037,Others,KPITTECH,589,226
1038,Others,SCI,5740,116
1039,Others,JSWENERGY,913,77
1040,Others,ARIHANTCAP,583,0
1041,Others,ARKADE,420,50
1042,Others,CYIENT,64,11
1043,Others,VINYLINDIA,48,0
1044,Others,TNPL,152,4
1045,Others,IXIGO,101,0
1046,Others,ALKYLAMINE,28,2
1047,Others,LUMAXTECH,111,5
1048,Others,GSFC,550,312
1049,Others,PENINLAND,12,1
1050,Others,TIINDIA,103,49
1051,Others,NETWEB,285,8
1052,Others,VIKASLIFE,2877,7031
1053,Others,IDBI,24623,1256
1054,Others,STAR,389,480
1055,Others,BASF,38,0
1056,Others,AMNPLST,0,0
1057,Others,SAKHTISUG,0,0
1058,Others,PARADEEP,2614,186
1059,Others,TDPOWERSYS,2009,149
1060,Others,KTKBANK,3826,389
1061,Others,GRINFRA,0,0
1062,Others,RAYMONDLSL,25,1
1063,Others,TORNTPOWER,266,9
1064,Others,CONFIPET,187,11
1065,Others,JMA,0,36
1066,Others,SFL,24,0
1067,Others,XCHANGING,21,1
1068,Others,RCF,3180,73
1069,Others,RUPA,77,0
1070,Others,PNCINFRA,712,794
1071,Others,GANECOS,24,17
1072,Others,ELIN,0,51
1073,Others,BSL,1,0
1074,Others,MOIL,776,0
1075,Others,APEX,0,9
1076,Others,DBOL,10,0
1077,Others,VISHWARAJ,42,0
1078,Others,KFINTECH,168,113
1079,Others,BANSWRAS,4,0
1080,Others,SANDHAR,124,1
1081,Others,VIRINCHI,4,2
1082,Others,CAMS,235,108
1083,Others,JUSTDIAL,66,0
1084,Others,WABAG,139,25
1085,Others,TRANSWORLD,1555,150
1086,Others,TALBROAUTO,1965,100
1087,Others,KBCGLOBAL,7511,14859
1088,Others,SIKKO,5,0
1089,Others,ASAL,1,0
1090,Others,GANGAFORGE,0,20
1091,Others,ENTERO,30,0
1092,Others,ROUTE,13,0
1093,Others,ROHLTD,55,0
1094,Others,CAPLIPOINT,11,10
1095,Others,PATINTLOG,101,23
1096,Others,CENTRUM,25,1
1097,Others,WSTCSTPAPR,206,0
1098,Others,SPENCERS,0,0
1099,Others,LICI,2081,892
1100,Others,PRIVISCL,5,0
1101,Others,DEN,44,0
1102,Others,CANTABIL,51,0
1103,Others,HEMIPROP,180,200
1104,Others,WELSPUNLIV,1911,205
1105,Others,ARVIND,132,269
1106,Others,GANESHHOUC,504,16
1107,Others,BODALCHEM,0,46
1108,Others,RHIM,0,0
1109,Others,HARIOMPIPE,14,0
1110,Others,VSTTILLERS,5,0
1111,Others,AHL,117,20
1112,Others,3MINDIA,2,0
1113,Others,FORCEMOT,0,0
1114,Others,HLEGLAS,77,21
1115,Others,SINDHUTRAD,6,2
1116,Others,APOLLOPIPE,54,14
1117,Others,KALYANIFRG,0,0
1118,Others,KIRLOSIND,0,1
1119,Others,DEVYANI,904,2
1120,Others,VTL,0,20
1121,Others,SUDARSCHEM,301,142
1122,Others,CENTRALBK,13037,489
1123,Others,NESCO,50,0
1124,Others,VLSFINANCE,1,1
1125,Others,ONMOBILE,1003,255
1126,Others,KSB,29,0
1127,Others,CIGNITITEC,62,7
1128,Others,ZEEL,0,0
1129,Others,INDIANB,38,46
1130,Others,FIEMIND,11,0
1131,Others,KOLTEPATIL,0,1
1132,Others,INDIASHLTR,0,0
1133,Others,TAJGVK,134,66
1134,Others,SRHHYPOLTD,20,100
1135,Others,GSPL,127,44
1136,Others,RTNPOWER,21959,768
1137,Others,REPCOHOME,0,1
1138,Others,TARIL,64,327
1139,Others,ZUARI,165,0
1140,Others,DISHTV,22844,21032
1141,Others,NCLIND,6,0
1142,Others,DHAMPURSUG,0,0
1143,Others,EIDPARRY,222,55
1144,Others,PFS,310,0
1145,Others,MOTILALOFS,1917,127
1146,Others,AGSTRA,20,0
1147,Others,LTFOODS,1855,81
1148,Others,APTECHT,50,0
1149,Others,CELLO,15,0
1150,Others,NELCO,0,0
1151,Others,RAMCOSYS,75,1
1152,Others,SUMICHEM,125,26
1153,Others,ZEELEARN,1784,533
1154,Others,INDOAMIN,78,0
1155,Others,SDBL,32,0
1156,Others,KKCL,5,0
1157,Others,SUNDARMFIN,0,0
1158,Others,SOFTTECH,0,0
1159,Others,KSL,0,0
1160,Others,DWARKESH,136,0
1161,Others,GRWRHITECH,9,7
1162,Others,DOLLAR,1,0
1163,Others,LIKHITHA,42,0
1164,Others,SHYAMCENT,205,0
1165,Others,CREDITACC,184,57
1166,Others,TEJASNET,168,250
1167,Others,HFCL,0,0
1168,Others,AVTNPL,0,0
1169,Others,KRBL,79,1
1170,Others,DIFFNKG,3,21
1171,Others,RESPONIND,0,0
1172,Others,SSDL,46,0
1173,Others,CDSL,6935,620
1174,Others,ORIENTHOT,17,0
1175,Others,AGI,0,23
1176,Others,BANKINDIA,15636,1336
1177,Others,BLS,290,29
1178,Others,MANAKSIA,10,0
1179,Others,ABDL,13,110
1180,Others,SUBEXLTD,2573,261
1181,Others,BESTAGRO,0,2
1182,Others,JSWINFRA,571,49
1183,Others,GULFOILLUB,344,0
1184,Others,RSWM,0,0
1185,Others,PRIMESECU,0,0
1186,Others,UGARSUGAR,1,10
1187,Others,TIMETECHNO,82,36
1188,Others,NFL,3654,21
1189,Others,ASMS,10,0
1190,Others,JINDWORLD,72,18
1191,Others,JAICORPLTD,428,221
1192,Others,ALICON,3,0
1193,Others,OLECTRA,439,230
1194,Others,ESABINDIA,0,0
1195,Others,MEDANTA,54,105
1196,Others,VIJIFIN,3270,0
1197,Others,ZOMATO,40139,4542
1198,Others,TATATECH,1534,334
1199,Others,DATAMATICS,0,0
1200,Others,GENESYS,331,60
1201,Others,JKTYRE,106,16
1202,Others,MAHSCOOTER,0,0
1203,Others,MEDPLUS,56,11
1204,Others,BLACKBUCK,359,399
1205,Others,IIFLSEC,70,4
1206,Others,TFCILTD,284,5
1207,Others,SULA,226,52
1208,Others,SUNDARMHLD,1,0
1209,Others,TVSSCS,709,0
1210,Others,NRAIL,1,0
1211,Others,LANDMARK,16,0
1212,Others,RPTECH,0,0
1213,Others,THYROCARE,0,0
1214,Others,CRAFTSMAN,23,23
1215,Others,RATNAMANI,20,0
1216,Others,MAITHANALL,3,0
1217,Others,GLS,10,0
1218,Others,TEGA,2,6
1219,Others,BOMDYEING,1225,141
1220,Others,AUTOAXLES,0,0
1221,Others,SUNCLAY,1,0
1222,Others,MPSLTD,4,0
1223,Others,TBOTEK,41,60
1224,Others,PRITI,0,0
1225,Others,BFINVEST,102,0
1226,Others,INFOBEAN,0,0
1227,Others,AIIL,10,1
1228,Others,AEGISLOG,27,0
1229,Others,BLUEJET,0,0
1230,Others,AETHER,1,0
1231,Others,NAVNETEDUL,9,0
1232,Others,TITAGARH,1030,151
1233,Others,MONARCH,201,0
1234,Others,FACT,248,15
1235,Others,SONACOMS,378,105
1236,Others,NPST,0,0
1237,Others,SJVN,0,0
1238,Others,SAGCEM,0,0
1239,Others,KIRLOSBROS,338,107
1240,Others,PITTIENG,47,0
1241,Others,FORTIS,816,326
1242,Others,KESORAMIND,45,46
1243,Others,SUNDRMFAST,17,0
1244,Others,ANGELONE,670,64
1245,Others,SURYODAY,24,151
1246,Others,EMBDL,1910,1433
1247,Others,BIKAJI,0,0
1248,Others,IITL,0,1
1249,Others,BEML,253,65
1250,Others,CENTURYPLY,8,0
1251,Others,INDOSTAR,3,0
1252,Others,SHOPERSTOP,13,13
1253,Others,MANAKALUCO,1,8
1254,Others,VARROC,50,5
1255,Others,HSCL,1006,437
1256,Others,CREATIVE,95,5
1257,Others,BOROLTD,55,21
1258,Others,IRMENERGY,0,0
1259,Others,PGINVIT,760,298
1260,Others,HERITGFOOD,583,20
1261,Others,UTTAMSUGAR,0,0
1262,Others,ONEPOINT,0,18
1263,Others,OSWALGREEN,180,50
1264,Others,SBC,881,10
1265,Others,TATVA,0,0
1266,Others,ORISSAMINE,0,0
1267,Others,VISHNU,14,0
1268,Others,ORIENTELEC,10,8
1269,Others,SASTASUNDR,1,0
1270,Others,AVADHSUGAR,0,0
1271,Others,BALUFORGE,321,137
1272,Others,RADIOCITY,31,11
1273,Others,ONWARDTEC,11,0
1274,Others,BAYERCROP,20,26
1275,Others,SERVOTECH,2640,226
1276,Others,NAVKARCORP,145,0
1277,Others,EQUITASBNK,4716,274
1278,Others,SPIC,1007,0
1279,Others,ACI,106,1
1280,Others,TAKE,0,20
1281,Others,SUPRIYA,31,8
1282,Others,HEXATRADEX,0,0
1283,Others,ALOKINDS,5143,263
1284,Others,PFIZER,1,0
1285,Others,TATAINVEST,15,5
1286,Others,KICL,10,7
1287,Others,VENKEYS,26,200
1288,Others,JPPOWER,92964,35009
1289,Others,ACL,0,0
1290,Others,BLUEDART,1,1
1291,Others,EMAMIPAP,3,0
1292,Others,SEPC,0,0
1293,Others,UDS,127,26
1294,Others,MOL,2,550
1295,Others,JMFINANCIL,1820,1718
1296,Others,KHAICHEM,136,0
1297,Others,GILLETTE,31,0
1298,Others,VPRPL,62,20
1299,Others,KINGFA,1,0
1300,Others,AWL,5193,84
1301,Others,GHCL,773,50
1302,Others,SSWL,0,75
1303,Others,TEAMLEASE,4,1
1304,Others,ADVANIHOTR,1,1
1305,Others,INOXWIND,1388,2873
1306,Others,JSL,56,0
1307,Others,KAYNES,198,1
1308,Others,GPTHEALTH,263,151
1309,Others,RAILTEL,1109,137
1310,Others,EDELWEISS,2725,535
1311,Others,KIMS,116,22
1312,Others,AZAD,282,50
1313,Others,HIKAL,156,17
1314,Others,SPORTKING,15,0
1315,Others,JISLJALEQS,1141,1196
1316,Others,NIITLTD,7171,1335
1317,Others,MANALIPETC,120,0
1318,Others,SUBROS,196,3
1319,Others,TPLPLASTEH,360,0
1320,Others,THOMASCOOK,82,80
1321,Others,PTC,869,0
1322,Others,PRSMJOHNSN,212,0
1323,Others,SNOWMAN,1003,0
1324,Others,IOLCP,162,30
1325,Others,AMIORG,138,2
1326,Others,UJJIVANSFB,0,0
1327,Others,DHANI,5794,3599
1328,Others,NRBBEARING,90,0
1329,Others,AERON,0,0
1330,Others,ADSL,238,175
1331,Others,EMSLIMITED,109,0
1332,Others,ASTRON,100,101
1333,Others,RAIN,68,44
1334,Others,LGBBROSLTD,0,0
1335,Others,BECTORFOOD,39,20
1336,Others,JINDRILL,1,13
1337,Others,KRSNAA,92,0
1338,Others,JUBLINGREA,1,67
1339,Others,SHREEPUSHK,13,701
1340,Others,DAVANGERE,4201,10573
1341,Others,KIOCL,312,1
1342,Others,PIXTRANS,29,5
1343,Others,MARATHON,0,15
1344,Others,FLUOROCHEM,2,1
1345,Others,HGINFRA,16,1
1346,Others,UCOBANK,413,4154
1347,Others,SUZLON,76796,50007
1348,Others,POKARNA,26,0
1349,Others,SCHAEFFLER,1,0
1350,Others,PALASHSECU,0,0
1351,Others,TRIDENT,9357,8487
1352,Others,DBEIL,0,0
1353,Others,SOLARINDS,11,11
1354,Others,PSPPROJECT,42,2
1355,Others,PAR,13,0
1356,Others,STERTOOLS,331,0
1357,Others,GODREJAGRO,20,100
1358,Others,SGIL,41,119
1359,Others,JASH,370,1
1360,Others,TRITURBINE,4366,1824
1361,Others,SPCENET,0,3
1362,Others,ACE,27,100
1363,Others,SUPREMEIND,33,1
1364,Others,MIRZAINT,103,0
1365,Others,ELECTCAST,2362,220
1366,Others,BALMLAWRIE,140,9
1367,Others,SOBHA,74,42
1368,Others,EASEMYTRIP,0,0
1369,Others,JSLL,0,0
1370,Others,JAYBARMARU,408,0
1371,Others,SIGNPOST,1274,0
1372,Others,GLOBUSSPR,37,25
1373,Others,MSPL,601,3
1374,Others,UNITECH,0,0
1375,Others,JKIL,153,1
1376,Others,CHENNPETRO,745,155
1377,Others,ASIANTILES,10,250
1378,Others,SRD,1,0
1379,Others,DEEPAKFERT,1586,73
1380,Others,GENUSPOWER,853,285
1381,Others,GMDCLTD,362,5
1382,Others,NEULANDLAB,11,10
1383,Others,KIRLOSENG,54,35
1384,Others,SWELECTES,59,0
1385,Others,IRCON,0,0
1386,Others,RATEGAIN,11,13
1387,Others,MEDICAMEQ,0,0
1388,Others,MAHABANK,6896,1363
1389,Others,DBL,20,0
1390,Others,ORIENTCEM,663,64
1391,Others,NITINSPIN,30,20
1392,Others,GALAXYSURF,7,0
1393,Others,SJS,902,1275
1394,Others,ANANTRAJ,238,134
1395,Others,SBFC,508,43
1396,Others,AGIIL,8,15
1397,Others,BARBEQUE,15,1
1398,Others,GODREJIND,37,5
1399,Others,APLLTD,10,0
1400,Others,GOKULAGRO,150,50
1401,Others,VINATIORGA,10,0
1402,Others,VISAKAIND,10,0
1403,Others,ACLGATI,0,0
1404,Others,KPIGREEN,314,78
1405,Others,DHARMAJ,23,11
1406,Others,ORIENTCER,24,100
1407,Others,THEMISMED,0,0
1408,Others,LLOYDSME,140,60
1409,Others,POLYPLEX,123,2
1410,Others,MANKIND,82,25
1411,Others,MAHLOG,120,14
1412,Others,JCHAC,1,0
1413,Others,MSUMI,3006,1319
1414,Others,IDEAFORGE,121,50
1415,Others,SICALLOG,0,0
1416,Others,INTLCONV,0,50
1417,Others,AIAENG,4,73
1418,Others,UNIONBANK,0,0
1419,Others,V2RETAIL,0,10
1420,Others,ABSLAMC,225,168
1421,Others,ALLCARGO,2601,39
1422,Others,HATSUN,13,0
1423,Others,SKIPPER,1098,0
1424,Others,NIVABUPA,2117,481
1425,Others,BHINVIT,3,150
1426,Others,KAMATHOTEL,0,2
1427,Others,GSS,6,0
1428,Others,ORIENTPPR,16,0
1429,Others,REDTAPE,20,21
1430,Others,NAVA,19,16
1431,Others,ITI,236,628
1432,Others,BAJAJCON,59,0
1433,Others,PRECAM,136,100
1434,Others,SANSERA,108,6
1435,Others,STEELCAS,0,0
1436,Others,GICHSGFIN,3,0
1437,Others,SADHNANIQ,39,500
1438,Others,GOCLCORP,5,0
1439,Others,BAJEL,77,93
1440,Others,LXCHEM,318,113
1441,Others,CYBERMEDIA,101,0
1442,Others,GEPIL,21,60
1443,Others,FUSION,41,200
1444,Others,RELIGARE,2,1
1445,Others,PRICOLLTD,0,0
1446,Others,ABAN,1,151
1447,Others,LAOPALA,1,25
1448,Others,LEMONTREE,5667,1054
1449,Others,SHYAMMETL,66,0
1450,Others,SAGILITY,328035,48718
1451,Others,THANGAMAYL,14,2
1452,Others,MENONBE,0,0
1453,Others,OMINFRAL,60,171
1454,Others,NAM-INDIA,51,16
1455,Others,VIPIND,63,0
1456,Others,EPL,32,1
1457,Others,JIOFIN,15605,1215
1458,Others,BALAMINES,0,0
1459,Others,JITFINFRA,77,0
1460,Others,BLAL,30,100
1461,Others,CLEAN,29,8
1462,Others,MAHLIFE,104,55
1463,Others,HINDZINC,538,42
1464,Others,FEDFINA,1043,197
1465,Others,HNDFDS,56,1
1466,Others,CAMLINFINE,205,38
1467,Others,ICEMAKE,4,7
1468,Others,STYRENIX,0,0
1469,Others,GPIL,262,40
1470,Others,KECL,561,12
1471,Others,NIACL,1267,95
1472,Others,TCI,6,10
1473,Others,BIRLACORPN,16,4
1474,Others,CARTRADE,71,30
1475,Others,VSSL,0,0
1476,Others,DPEL,0,0
1477,Others,KPIL,19,0
1478,Others,PRECWIRE,100,0
1479,Others,FDC,6,0
1480,Others,PIONEEREMB,0,0
1481,Others,BTML,253,9
1482,Others,POONAWALLA,701,300
1483,Others,IPL,92,0
1484,Others,RUSHIL,3,2
1485,Others,HOMEFIRST,53,0
1486,Others,RAMASTEEL,13592,6183
1487,Others,YATHARTH,13,180
1488,Others,CHEMPLASTS,100,202
1489,Others,GLAND,12,20
1490,Others,DCW,2355,89
1491,Others,CUPID,126,77
1492,Others,SAFARI,0,6
1493,Others,WINSOME,0,10
1494,Others,CELEBRITY,0,0
1495,Others,COMPUSOFT,0,3
1496,Others,GLAXO,1,4
1497,Others,JTLIND,30,0
1498,Others,HUHTAMAKI,15,0
1499,Others,EMCURE,8,0
1500,Others,SAURASHCEM,110,184
1501,Others,LAXMICOT,0,0
1502,Others,VINDHYATEL,0,0
1503,Others,SHREDIGCEM,95,0
1504,Others,TRIVENI,46,207
1505,Others,GREENPLY,0,0
1506,Others,DBCORP,20,0
1507,Others,NARMADA,17,0
1508,Others,KAUSHALYA,0,0
1509,Others,HERANBA,2,30
1510,Others,HEIDELBERG,1,0
1511,Others,TRF,0,0
1512,Others,DNAMEDIA,21,0
1513,Others,QUICKHEAL,6,63
1514,Others,AARTISURF,0,0
1515,Others,ELGIEQUIP,157,143
1516,Others,DYNAMATECH,2,12
1517,Others,JAYAGROGN,0,0
1518,Others,PATANJALI,59,2
1519,Others,SKFINDIA,16,13
1520,Others,INDTERRAIN,5,1
1521,Others,MASFIN,0,0
1522,Others,GTECJAINX,0,0
1523,Others,NILKAMAL,0,0
1524,Others,SIS,0,0
1525,Others,SUULD,0,0
1526,Others,DPABHUSHAN,1,0
1527,Others,APARINDS,0,0
1528,Others,HONAUT,0,0
1529,Others,AHLEAST,0,0
1530,Others,ELECON,79,3
1531,Others,SUNTECK,618,20
1532,Others,NILAINFRA,3885,119
1533,Others,WELCORP,158,33
1534,Others,WEL,1,0
1535,Others,MIRCELECTR,10,0
1536,Others,PVSL,56,0
1537,Others,ASAHIINDIA,35,1
1538,Others,NAHARSPING,0,0
1539,Others,TEXINFRA,249,42
1540,Others,SHARDACROP,186,0
1541,Others,SAREGAMA,530,19
1542,Others,DHANUKA,0,2
1543,Others,DRCSYSTEMS,2,418
1544,Others,SOMICONVEY,0,0
1545,Others,PNC,0,0
1546,Others,SUVEN,9,0
1547,Others,MANYAVAR,50,4
1548,Others,HECPROJECT,0,0
1549,Others,BAFNAPH,0,1
1550,Others,HDIL,11,0
1551,Others,PTL,20,0
1552,Others,DIAMONDYD,2,0
1553,Others,JNKINDIA,0,23
1554,Others,INDOTHAI,1,0
1555,Others,PNBHOUSING,60,9
1556,Others,JAIBALAJI,15,0
1557,Others,ANSALAPI,0,0
1558,Others,RAINBOW,122,286
1559,Others,PAKKA,4,0
1560,Others,VSTIND,170,10
1561,Others,HEUBACHIND,0,1
1562,Others,INVENTURE,1099,300
1563,Others,ZYDUSWELL,0,0
1564,Others,AAVAS,20,10
1565,Others,RGL,153,0
1566,Others,ARVINDFASN,78,174
1567,Others,PDSL,5,0
1568,Others,DCAL,212,158
1569,Others,SYRMA,411,127
1570,Others,KAMDHENU,735,22
1571,Others,SHARDAMOTR,0,0
1572,Others,SANOFI,3,0
1573,Others,SAMHI,97,50
1574,Others,PPLPHARMA,1553,137
1575,Others,UGROCAP,47,0
1576,Others,PEARLPOLY,50,0
1577,Others,HUBTOWN,100,0
1578,Others,SPAL,1,25
1579,Others,METROBRAND,2,0
1580,Others,MOTISONS,275,2233
1581,Others,REFEX,351,153
1582,Others,KIRLPNU,86,61
1583,Others,AAATECH,0,0
1584,Others,DENTALKART,0,0
1585,Others,KABRAEXTRU,350,2
1586,Others,PGIL,1,50
1587,Others,SIGMA,0,127
1588,Others,DOLATALGO,130,0
1589,Others,INOXGREEN,209,0
1590,Others,HEG,143,96
1591,Others,CENTEXT,14,0
1592,Others,UFLEX,0,0
1593,Others,KRITIKA,46,0
1594,Others,SENCO,125,115
1595,Others,SHALPAINTS,0,0
1596,Others,IRB,0,0
1597,Others,INDOBORAX,10,0
1598,Others,ALEMBICLTD,0,100
1599,Others,MBECL,2,0
1600,Others,MAHSEAMLES,2,265
1601,Others,TIMKEN,1,28
1602,Others,SUNDARAM,69,0
1603,Others,MAANALU,32,10
1604,Others,CARYSIL,8,14
1605,Others,ICIL,15,30
1606,Others,SCHAND,10,0
1607,Others,DVL,1,80
1608,Others,DPWIRES,15,0
1609,Others,RAJESHEXPO,474,317
1610,Others,SASKEN,26,0
1611,Others,JKPAPER,100,1
1612,Others,HAVISHA,0,0
1613,Others,SHRIPISTON,0,0
1614,Others,CUBEXTUB,0,0
1615,Others,STYLAMIND,0,7
1616,Others,IEL,25047,11
1617,Others,CARBORUNIV,5,0
1618,Others,STCINDIA,1,0
1619,Others,INDGN,0,33
1620,Others,MANINDS,4,0
1621,Others,RELAXO,0,0
1622,Others,RENUKA,2293,2596
1623,Others,JGCHEM,239,84
1624,Others,DIACABS,0,29
1625,Others,RACLGEAR,0,0
1626,Others,SIYSIL,554,578
1627,Others,HGS,72,4
1628,Others,DIVGIITTS,0,8
1629,Others,DLINKINDIA,17,0
1630,Others,HARSHA,5,0
1631,Others,ZAGGLE,1970,33
1632,Others,EXXARO,51,100
1633,Others,LUXIND,1,0
1634,Others,CENTENKA,0,0
1635,Others,RALLIS,35,0
1636,Others,VBL,2639,756
1637,Others,VENUSREM,0,0
1638,Others,SHAREINDIA,46,91
1639,Others,PAISALO,853,270
1640,Others,OMAXE,16,246
1641,Others,WESTLIFE,133,0
1642,Others,BHARATGEAR,0,0
1643,Others,PENIND,701,1
1644,Others,AEROFLEX,558,235
1645,Others,CEATLTD,43,25
1646,Others,DOMS,28,210
1647,Others,DCBBANK,945,95
1648,Others,DATAPATTNS,187,53
1649,Others,FINCABLES,62,1
1650,Others,IGPL,10,0
1651,Others,HMT,0,10
1652,Others,KLL,0,0
1653,Others,BLBLIMITED,1327,0
1654,Others,USHAMART,73,0
1655,Others,TEXRAIL,4922,317
1656,Others,VGUARD,107,29
1657,Others,MAYURUNIQ,3,26
1658,Others,ZUARIIND,3,0
1659,Others,CMSINFO,186,68
1660,Others,SALASAR,9406,123
1661,Others,LLOYDSENT,1176,10
1662,Others,KARURVYSYA,200,1263
1663,Others,SWANENERGY,498,885
1664,Others,GREAVESCOT,169,454
1665,Others,GANDHAR,96,131
1666,Others,CONCORDBIO,5,0
1667,Others,SHALBY,1,1
1668,Others,ASKAUTOLTD,57,27
1669,Others,LCCINFOTEC,486,319
1670,Others,AADHARHFC,21,50
1671,Others,LAGNAM,227,0
1672,Others,TATAELXSI,51,20
1673,Others,OBCL,1,10
1674,Others,WORTH,1,0
1675,Others,FIBERWEB,1853,2
1676,Others,IMAGICAA,88,30
1677,Others,GEOJITFSL,200,0
1678,Others,HINDCON,227,0
1679,Others,BALKRISHNA,0,1905
1680,Others,GICRE,52,200
1681,Others,SMCGLOBAL,0,0
1682,Others,MUTHOOTCAP,0,0
1683,Others,LEXUS,220,0
1684,Others,HESTERBIO,0,0
1685,Others,INDSWFTLTD,4,148
1686,Others,JYOTHYLAB,233,262
1687,Others,CRISIL,8,26
1688,Others,KPRMILL,2,14
1689,Others,CARERATING,82,33
1690,Others,TEXMOPIPES,0,0
1691,Others,MOLDTKPAC,10,22
1692,Others,VARDHACRLC,40,0
1693,Others,BALRAMCHIN,131,177
1694,Others,UMANGDAIRY,1,120
1695,Others,KRN,442,31
1696,Others,PGHH,0,0
1697,Others,EPACK,84,0
1698,Others,HIL,1,0
1699,Others,THEJO,1,0
1700,Others,TTKPRESTIG,0,11
1701,Others,TI,2106,340
1702,Others,GOODLUCK,57,67
1703,Others,FOODSIN,0,0
1704,Others,GANESHBE,0,0
1705,Others,RIIL,26,1
1706,Others,WHIRLPOOL,0,20
1707,Others,NECCLTD,207,332
1708,Others,HINDWAREAP,20,0
1709,Others,MRPL,308,385
1710,Others,MUTHOOTMF,9,0
1711,Others,BSHSL,160,0
1712,Others,PRAKASHSTL,574,1942
1713,Others,SAPPHIRE,72,0
1714,Others,KALAMANDIR,11,1
1715,Others,ORCHPHARMA,32,0
1716,Others,ALLDIGI,10,8
1717,Others,DBREALTY,665,1933
1718,Others,SUNFLAG,1,0
1719,Others,KNRCON,481,1065
1720,Others,ASTEC,0,0
1721,Others,INDIACEM,100,35
1722,Others,NHPC,0,0
1723,Others,ATL,25,0
1724,Others,MAHAPEXLTD,40,0
1725,Others,AJOONI,377,800
1726,Others,LOKESHMACH,10,104
1727,Others,SATINDLTD,0,0
1728,Others,LOTUSEYE,1,0
1729,Others,TVTODAY,76,550
1730,Others,GAEL,143,1
1731,Others,TVSSRICHAK,0,0
1732,Others,GMBREW,1,17
1733,Others,JAGSNPHARM,71,11
1734,Others,SWSOLAR,420,66
1735,Others,STOVEKRAFT,0,0
1736,Others,VIJAYA,31,256
1737,Others,KRYSTAL,30,55
1738,Others,UNICHEMLAB,0,0
1739,Others,TECHNOE,46,240
1740,Others,INTERARCH,111,36
1741,Others,JYOTICNC,21,21
1742,Others,VALIANTORG,9,0
1743,Others,CLEDUCATE,0,0
1744,Others,ISEC,7,43
1745,Others,ANURAS,0,3
1746,Others,KANANIIND,885,2025
1747,Others,PRAXIS,0,1
1748,Others,SANOFICONR,0,0
1749,Others,RAMKY,161,11
1750,Others,INDORAMA,0,1203
1751,Others,FILATEX,302,496
1752,Others,KROSS,176,1
1753,Others,KSCL,2,30
1754,Others,WELENT,29,5
1755,Others,BEPL,364,10
1756,Others,NUCLEUS,1,54
1757,Others,RADHIKAJWE,145,35
1758,Others,WHEELS,1,0
1759,Others,AARTIPHARM,1,37
1760,Others,TMB,1,208
1761,Others,RKEC,0,20
1762,Others,JTEKTINDIA,0,41
1763,Others,EVEREADY,4,0
1764,Others,EMAMILTD,137,18
1765,Others,IKIO,2,0
1766,Others,MAPMYINDIA,89,27
1767,Others,ATAM,2,273
1768,Others,NAHARPOLY,90,0
1769,Others,NOVAAGRI,423,2250
1770,Others,KEI,45,156
1771,Others,STARPAPER,0,5
1772,Others,PARAGON,0,0
1773,Others,GESHIP,144,10
1774,Others,SAH,0,0
1775,Others,GOLDIAM,55,11
1776,Others,SIRCA,156,912
1777,Others,DELTAMAGNT,26,61
1778,Others,INDIGOPNTS,21,3
1779,Others,SATIN,40,2
1780,Others,PILITA,0,100
1781,Others,JINDALPOLY,10,14
1782,Others,VIMTALABS,18,99
1783,Others,KDDL,1,0
1784,Others,YASHO,0,0
1785,Others,IWEL,0,1
1786,Others,REPRO,7,0
1787,Others,SONAMLTD,20,203
1788,Others,SAMBHAAV,482,223
1789,Others,DALMIASUG,112,0
1790,Others,DCMSHRIRAM,61,12
1791,Others,TIPSMUSIC,204,13
1792,Others,RITCO,0,20
1793,Others,DYNPRO,0,25
1794,Others,UFO,0,0
1795,Others,AMJLAND,62,104
1796,Others,GPPL,184,601
1797,Others,ORIENTLTD,2,0
1798,Others,DSSL,3,0
1799,Others,DELHIVERY,1342,31
1800,Others,MAHESHWARI,0,8
1801,Others,SANDUMA,51,65
1802,Others,SKMEGGPROD,11,0
1803,Others,ADFFOODS,178,1500
1804,Others,ARENTERP,345,0
1805,Others,MANGLMCEM,0,0
1806,Others,PANAMAPET,22,650
1807,Others,NDTV,1587,400
1808,Others,CIEINDIA,74,372
1809,Others,WONDERLA,1,4
1810,Others,TNPETRO,32,637
1811,Others,RACE,0,20
1812,Others,SALSTEEL,1,161
1813,Others,MANUGRAPH,0,0
1814,Others,KIRIINDUS,193,490
1815,Others,ASALCBR,1,0
1816,Others,ICRA,0,25
1817,Others,AVALON,121,43
1818,Others,SMSPHARMA,0,0
1819,Others,VALIANTLAB,0,0
1820,Others,SESHAPAPER,0,12
1821,Others,JBCHEPHARM,0,5
1822,Others,VMART,3,12
1823,Others,SREEL,0,300
1824,Others,VRAJ,15,0
1825,Others,AARON,39,15
1826,Others,MVGJL,5,71
1827,Others,MANORAMA,7,5
1828,Others,TTL,29,562
1829,Others,RML,0,0
1830,Others,KCP,199,2358
1831,Others,YESBANK,105864,28698
1832,Others,PREMIERENE,472,5202
1833,Others,XPROINDIA,435,663
1834,Others,MMP,0,0
1835,Others,ATALREAL,289,1
1836,Others,AKG,0,0
1837,Others,SCHNEIDER,53,1006
1838,Others,LAMBODHARA,250,11
1839,Others,AAKASH,76,1052
1840,Others,POLICYBZR,135,520
1841,Others,PLAZACABLE,33,1870
1842,Others,CSBBANK,55,456
1843,Others,OIL,370,6968
1844,Others,EROSMEDIA,155,2
1845,Others,HMVL,0,0
1846,Others,REDINGTON,108,850
1847,Others,HYUNDAI,0,0
1848,Others,LUMAXIND,0,0
1849,Others,NTPCGREEN,273934,159339
1850,Others,ARROWGREEN,28,12
1851,Others,HAPPYFORGE,1,0
1852,Others,BINANIIND,30,0
1853,Others,FINOPB,0,15
1854,Others,AVG,4,25
1855,Others,SOTL,0,30
1856,Others,ATFL,15,0
1857,Others,SEAMECLTD,10,38
1858,Others,KOKUYOCMLN,19,125
1859,Others,AMBER,40,481
1860,Others,DEVIT,44,136
1861,Others,TECHLABS,0,125
1862,Others,PREMIERPOL,3,0
1863,Others,VIPCLOTHNG,2,151
1864,Others,XELPMOC,0,0
1865,Others,GRINDWELL,3,67
1866,Others,ADORWELD,13,79
1867,Others,PREMIUM,0,0
1868,Others,ALBERTDAVD,2,0
1869,Others,RITES,0,0
1870,Others,TOLINS,659,1900
1871,Others,ACEINTEG,0,0
1872,Others,SKYGOLD,238,401
1873,Others,SURYALAXMI,0,121
1874,Others,SHAKTIPUMP,0,0
1875,Others,NSLNISP,1578,4231
1876,Others,ABMINTLLTD,0,0
1877,Others,PCJEWELLER,1264,280
1878,Others,VETO,0,430
1879,Others,UNIVASTU,0,204
1880,Others,SILINV,0,25
1881,Others,SUMIT,0,0
1882,Others,PRAJIND,217,2564
1883,Others,TTML,0,0
1884,Others,IMPAL,0,40
1885,Others,PANACEABIO,0,96
1886,Others,BIGBLOC,567,3010
1887,Others,BIKEWO,0,0
1888,Others,PIGL,83,31
1889,Others,MANAKSTEEL,0,100
1890,Others,BMETRICS,0,0
1891,Others,ELECTHERM,1,28
1892,Others,RUBFILA,0,0
1893,Others,VLEGOV,500,320
1894,Others,KSHITIJPOL,222,1009
1895,Others,SHIVAMAUTO,6,2
1896,Others,USK,20,527
1897,Others,KREBSBIO,127,241
1898,Others,21STCENMGM,0,5139
1899,Others,WANBURY,0,300
1900,Others,LATTEYS,0,0
1901,Others,KARMAENG,132,0
1902,Others,BIRLAMONEY,0,0
1903,Others,JUNIPER,2,0
1904,Others,AIROLAM,0,0
1905,Others,GVT&D,82,2742
1906,Others,GOKUL,2,440
1907,Others,JSWHL,0,55
1908,Others,RUBYMILLS,474,1625
1909,Others,EQUIPPP,0,51
1910,Others,PAVNAIND,0,3
1911,Others,SAHASRA,0,800
1912,Others,MFML,0,180
1913,Others,3PLAND,609,2298
1914,Others,KOTHARIPRO,0,0
1915,Others,NAGREEKCAP,521,648
1916,Others,PERFECT,0,3000
1917,Others,NILASPACES,7918,111
1918,Others,SHEKHAWATI,30,205
1919,Others,LAKPRE,0,10000
1920,Others,AKASH,124,10
1921,Others,RHFL,5182,74660
1922,Others,SRM,464,3031
1923,All,SECMARK,5,0
1924,All,ARTNIRMAN,5,0
1925,All,SILGO,928,10
1926,All,GENCON,1,0
1927,All,E2E,3925,14
1928,All,DHRUV,220,0
1929,All,AIMTRON,0,0
1930,All,KERNEX,2474,0
1931,All,PANSARI,10,0
1932,All,PKTEA,19,0
1933,All,MCLEODRUSS,163068,0
1934,All,CCCL,3464,200
1935,All,ACCURACY,12973,295
1936,All,YAARI,129405,0
1937,All,PRUDMOULI,1001,0
1938,All,NEELAM,0,0
1939,All,ASLIND,0,0
1940,All,NKIND,0,0
1941,All,MARSHALL,8,0
1942,All,NIBL,7,0
1943,All,OSWALSEEDS,33,0
1944,All,PODDARHOUS,0,0
1945,All,IL&FSTRANS,48,0
1946,All,SIMPLEXINF,359,0
1947,All,GOENKA,1606,27
1948,All,ANKITMETAL,110,0
1949,All,MEGAFLEX,3000,0
1950,All,GATECHDVR,3814,0
1951,All,UNITEDPOLY,0,1
1952,All,BURNPUR,3,0
1953,All,EXCEL,0,0
1954,All,ADROITINFO,216,1
1955,All,UMESLTD,550,9
1956,All,LOYALTEX,5,0
1957,All,ADANIENSOL,60978,462
1958,All,TOUCHWOOD,7,0
1959,All,TECHERA,1600,0
1960,All,HINDNATGLS,90,0
1961,All,KRITI,50,0
1962,All,SETCO,0,0
1963,All,COCHINSHIP,0,0
1964,All,RUCHINFRA,5001,0
1965,All,NBIFIN,95,0
1966,All,BRACEPORT,0,0
1967,All,ARCHIES,39,1
1968,All,VCL,4001,2000
1969,All,CINEVISTA,40,0
1970,All,ONELIFECAP,1000,0
1971,All,JALAN,0,0
1972,All,DIGIDRIVE,2,0
1973,All,JHS,0,0
1974,All,SHREERAMA,8931,1055
1975,All,KEC,11909,1282
1976,All,MASTERTR,264,0
1977,All,THOMASCOTT,20,0
1978,All,RANEENGINE,17,0
1979,All,FLFL,900,0
1980,All,COOLCAPS,0,0
1981,All,RVHL,1104,2
1982,All,SARVESHWAR,34587,419
1983,All,ORTINGLOBE,1,0
1984,All,SHIVATEX,8,0
1985,All,HEADSUP,0,0
1986,All,ALKALI,1,0
1987,All,GLOBALVECT,186,0
1988,All,KAYA,18,0
1989,All,UNITEDTEA,1,0
1990,All,ADANIGREEN,53577,690
1991,All,CHEMFAB,2,1
1992,All,RPPL,103,0
1993,All,ATGL,0,0
1994,All,AMDIND,0,0
1995,All,BANKA,1,0
1996,All,IMPEXFERRO,2,0
1997,All,AKI,12,7
1998,All,TIL,0,0
1999,All,NEXTMEDIA,179,4413
2000,All,OLAELEC,597111,17582
2001,All,SECURKLOUD,5,0
2002,All,HCL-INSYS,725,58
2003,All,DUCON,2327,135
2004,All,SELMC,30,0
2005,All,MACPOWER,351,5
2006,All,PALREDTEC,10,0
2007,All,ZODIACLOTH,20,0
2008,All,HATHWAY,19962,5444
2009,All,SILLYMONKS,1167,0
2010,All,PURVA,1425,250
2011,All,EMMBI,51,0
2012,All,WEALTH,100,0
2013,All,SANGINITA,25,0
2014,All,RPOWER,0,0
2015,All,TCLCONS,611,1
2016,All,SOLARA,336,0
2017,All,TFL,100,0
2018,All,RBMINFRA,200,0
2019,All,BAGFILMS,10064,0
2020,All,SANSTAR,2166,0
2021,All,VIPULLTD,2001,30
2022,All,IEL,40470,0
2023,All,PRITIKA,0,0
2024,All,VARDMNPOLY,130,5
2025,All,AARTECH,131,1
2026,All,RAMRAT,100,0
2027,All,AVL,668,1
2028,All,JISLDVREQS,0,0
2029,All,NGIL,1,0
2030,All,AMBICAAGAR,0,0
2031,All,ENERGYDEV,203,4
2032,All,LFIC,0,0
2033,All,EIMCOELECO,1,0
2034,All,AKSHOPTFBR,0,0
2035,All,SGL,1,0
2036,All,AFFORDABLE,0,5
2037,All,BALAXI,105,0
2038,All,EMKAY,771,506
2039,All,ZENITHSTL,0,0
2040,All,PTCIL,2,0
2041,All,SYSTANGO,0,0
2042,All,DCMNVL,9,0
2043,All,ASAHISONG,11,0
2044,All,PASUPTAC,37,0
2045,All,BANARBEADS,1,0
2046,All,63MOONS,116,141
2047,All,UHTL,2000,0
2048,All,INDOWIND,6113,0
2049,All,SETUINFRA,249,0
2050,All,GMRP&UI,39018,311
2051,All,ESFL,300,0
2052,All,TGBHOTELS,0,0
2053,All,XTGLOBAL,1,0
2054,All,COUNCODOS,9,0
2055,All,SUVIDHAA,224,28
2056,All,DIL,28433,10002
2057,All,MANAKCOAT,2136,3
2058,All,MARINE,11587,0
2059,All,FLAIR,0,0
2060,All,ADANIPOWER,99637,4121
2061,All,NDRAUTO,45,0
2062,All,ELGIRUBCO,63,0
2063,All,MAGADSUGAR,46,5
2064,All,SANWARIA,29488,0
2065,All,SMLT,5,0
2066,All,CCL,2102,305
2067,All,DJML,0,0
2068,All,KAVVERITEL,1,0
2069,All,KOTHARIPET,573,1
2070,All,JOCIL,0,0
2071,All,GODHA,5698,3335
2072,All,RAMANEWS,5,0
2073,All,BLISSGVS,12933,25
2074,All,GREENLAM,350,0
2075,All,HILTON,11,0
2076,All,SAKSOFT,1510,71
2077,All,VSTL,1,26
2078,All,GALLANTT,30,0
2079,All,PRITIKAUTO,3156,298
2080,All,PRATHAM,400,0
2081,All,OSWALAGRO,3,0
2082,All,YUKEN,2,0
2083,All,GRSE,4910,641
2084,All,SILVERTUC,3,0
2085,All,PRECOT,0,0
2086,All,NDLVENTURE,0,0
2087,All,BRNL,5,1
2088,All,PREMEXPLN,1182,4
2089,All,AHLADA,0,0
2090,All,RAJRILTD,170,0
2091,All,TAINWALCHM,10,0
2092,All,NINSYS,10,0
2093,All,KCPSUGIND,272,0
2094,All,MITCON,1,0
2095,All,JETFREIGHT,110,0
2096,All,ISFT,0,0
2097,All,BIRLACABLE,2,0
2098,All,GTL,2150,107
2099,All,MBLINFRA,150,0
2100,All,GILLANDERS,223,4
2101,All,HIRECT,22,0
2102,All,AROGRANITE,0,0
2103,All,INDOTECH,79,2
2104,All,SURANASOL,117,48
2105,All,BEARDSELL,0,2
2106,All,WALCHANNAG,864,0
2107,All,SONATSOFTW,12493,853
2108,All,VERTOZ,10750,7
2109,All,HONASA,923,100
2110,All,MEDICO,51,29
2111,All,GVPTECH,3,38
2112,All,PROZONER,100,0
2113,All,WSI,306,0
2114,All,MKPL,4017,22
2115,All,PCBL,13134,110
2116,All,NBCC,55535,3292
2117,All,AAREYDRUGS,5,0
2118,All,BFUTILITIE,265,40
2119,All,MANINFRA,205,23
2120,All,WINDMACHIN,313,0
2121,All,PRAENG,50,0
2122,All,AVROIND,110,0
2123,All,JYOTISTRUC,45829,0
2124,All,TARACHAND,88,0
2125,All,MOHITIND,0,0
2126,All,ADANIENT,17523,1623
2127,All,GODAVARIB,2372,50
2128,All,JAIPURKURT,0,0
2129,All,URJA,18490,6855
2130,All,SUMMITSEC,152,0
2131,All,ASPIRE,0,0
2132,All,NIPPOBATRY,100,10
2133,All,IRISDOREME,0,0
2134,All,OSIAHYPER,32,0
2135,All,SAKUMA,18464,2037
2136,All,EPIGRAL,305,0
2137,All,SUYOG,97,7
2138,All,AUSOMENT,140,0
2139,All,DCXINDIA,1695,0
2140,All,CONSOFINVT,5,0
2141,All,BLSE,3220,0
2142,All,LIBAS,30,0
2143,All,LPDC,3,13
2144,All,SWIGGY,29709,5482
2145,All,ASHOKA,0,0
2146,All,ARSHIYA,151,10
2147,All,AKUMS,141,1
2148,All,GOYALSALT,0,0
2149,All,ASHIMASYN,1580,0
2150,All,HOVS,0,0
2151,All,NURECA,1,0
2152,All,RELCHEMQ,100,0
2153,All,NAGREEKEXP,0,0
2154,All,MOKSH,24,2
2155,All,GLOBE,651,168
2156,All,EIFFL,6,0
2157,All,DEEPINDS,960,25
2158,All,ORBTEXP,309,10
2159,All,SPMLINFRA,0,0
2160,All,TIPSFILMS,1,40
2161,All,BGRENERGY,58,0
2162,All,TARMAT,15,0
2163,All,HARDWYN,2581,0
2164,All,MGEL,1605,0
2165,All,PYRAMID,1708,0
2166,All,DANGEE,2,110
2167,All,GRPLTD,5,0
2168,All,SPLIL,11,0
2169,All,BBTC,157,5
2170,All,EMIL,2378,84
2171,All,MUFIN,501,0
2172,All,YATRA,276,150
2173,All,SCILAL,5576,0
2174,All,SANGHVIMOV,0,0
2175,All,TPHQ,1281,5343
2176,All,RAMCOIND,1383,67
2177,All,UNIVCABLES,15,0
2178,All,BVCL,300,0
2179,All,CAREERP,1,0
2180,All,SARDAEN,1715,0
2181,All,DELPHIFX,7,0
2182,All,INDIANHUME,244,0
2183,All,STEL,4,0
2184,All,DEEDEV,360,0
2185,All,ROTO,1385,0
2186,All,GOKEX,215,0
2187,All,UDAICEMENT,3370,0
2188,All,UYFINCORP,49,0
2189,All,RUSTOMJEE,25,0
2190,All,MINDTECK,821,338
2191,All,CYBERTECH,1656,0
2192,All,HPL,2271,100
2193,All,LAL,1,0
2194,All,JAYSREETEA,261,0
2195,All,IREDA,30972,1405
2196,All,DBSTOCKBRO,10,0
2197,All,EMAMIREAL,91,0
2198,All,RBL,0,0
2199,All,SINCLAIR,0,0
2200,All,KILITCH,5,1
2201,All,CTE,0,0
2202,All,POCL,72,0
2203,All,TCPLPACK,16,0
2204,All,VEDL,24382,593
2205,All,AIRAN,909,3
2206,All,WAAREEENER,0,134
2207,All,UNIENTER,10,0
2208,All,BORORENEW,1146,12
2209,All,GINNIFILA,0,0
2210,All,VENUSPIPES,19,7
2211,All,LINC,1,0
2212,All,FEL,2804,0
2213,All,SADBHIN,3076,0
2214,All,STARHEALTH,734,362
2215,All,VHLTD,3,0
2216,All,ITDC,806,30
2217,All,SCPL,5,0
2218,All,KANSAINER,36,0
2219,All,MICEL,1934,0
2220,All,MAZDA,15,0
2221,All,NOIDATOLL,700,0
2222,All,NRL,0,0
2223,All,IDEA,2099026,466765
2224,All,SOMATEX,0,4
2225,All,NATCOPHARM,1992,414
2226,All,KMSUGAR,10,0
2227,All,KITEX,356,123
2228,All,WCIL,514,19
2229,All,MURUDCERA,0,0
2230,All,APCOTEXIND,9,0
2231,All,ZODIAC,25,50
2232,All,ATULAUTO,152,0
2233,All,MUFTI,11,0
2234,All,BHARATRAS,11,1
2235,All,AARVI,0,200
2236,All,AJMERA,3140,13
2237,All,HISARMETAL,25,0
2238,All,AFFLE,179,4
2239,All,INCREDIBLE,2,2
2240,All,TBZ,219,0
2241,All,IVC,258,101
2242,All,PSB,9429,8
2243,All,JPOLYINVST,16,0
2244,All,AGROPHOS,1,0
2245,All,PIIND,520,7
2246,All,SIGIND,356,0
2247,All,JAMNAAUTO,1958,577
2248,All,HUDCO,0,0
2249,All,CORDSCABLE,0,0
2250,All,GREENPANEL,900,30
2251,All,MTNL,21545,27
2252,All,RAYMOND,824,27
2253,All,STEELXIND,6642,1006
2254,All,MHLXMIRU,80,0
2255,All,BANSALWIRE,609,0
2256,All,NAMOEWASTE,0,0
2257,All,CHAMBLFERT,4003,502
2258,All,MUKANDLTD,808,0
2259,All,ECOSMOBLTY,10,0
2260,All,SAGARDEEP,1,0
2261,All,RAJMET,1571,1786
2262,All,ANMOL,1300,0
2263,All,GIPCL,344,0
2264,All,SHIVALIK,3,0
2265,All,UNIPARTS,0,0
2266,All,NORTHARC,1963,0
2267,All,HPIL,25,0
2268,All,VAKRANGEE,3030,33
2269,All,WEIZMANIND,0,0
2270,All,VRLLOG,6,1
2271,All,NAHARCAP,173,0
2272,All,BSE,2918,216
2273,All,GENSOL,19,228
2274,All,SMLISUZU,60,0
2275,All,HMAAGRO,603,253
2276,All,SEQUENT,125,0
2277,All,RTNINDIA,0,0
2278,All,RANASUG,5,4
2279,All,SARLAPOLY,9101,934
2280,All,SITINET,31961,1448
2281,All,LYPSAGEMS,2,0
2282,All,SIL,249,251
2283,All,LLOYDSENGG,40270,6
2284,All,GLOBAL,69,0
2285,All,IIFL,157,34
2286,All,MATRIMONY,53,0
2287,All,APOLSINHOT,4,0
2288,All,KPEL,501,30
2289,All,INDOCO,0,3
2290,All,MUNJALSHOW,11,0
2291,All,OCCL,0,13
2292,All,EVERESTIND,202,10
2293,All,SPANDANA,1270,3
2294,All,GEEKAYWIRE,62,173
2295,All,ISGEC,125,0
2296,All,DMCC,1,0
2297,All,TARSONS,5,0
2298,All,INDRAMEDCO,246,0
2299,All,ZEEMEDIA,157,114
2300,All,HLVLTD,1093,0
2301,All,JUBLPHARMA,542,152
2302,All,AFIL,500,100
2303,All,EUREKAFORB,50,70
2304,All,MCL,9,4
2305,All,MAHEPC,3,0
2306,All,COMSYN,1001,0
2307,All,BANCOINDIA,651,93
2308,All,TOKYOPLAST,80,0
2309,All,AWFIS,0,0
2310,All,BCLIND,4717,9
2311,All,AVANTEL,2532,20
2312,All,ASPINWALL,0,0
2313,All,BAJAJELEC,502,118
2314,All,CAPITALSFB,0,0
2315,All,IGARASHI,158,0
2316,All,REPL,5,0
2317,All,JAYNECOIND,16,0
2318,All,SPLPETRO,102,0
2319,All,SAHANA,125,0
2320,All,GFLLIMITED,0,1
2321,All,BALAJEE,0,0
2322,All,DHANBANK,388,0
2323,All,RSSOFTWARE,157,50
2324,All,PGHL,3,7
2325,All,INDIGO,144,9
2326,All,GARUDA,997,4
2327,All,CEIGALL,21,38
2328,All,INDNIPPON,3,0
2329,All,AURIONPRO,4,0
2330,All,INTELLECT,157,101
2331,All,MUNJALAU,111,0
2332,All,BHANDARI,23,116
2333,All,MAGNUM,12,0
2334,All,DPSCLTD,0,0
2335,All,APLAPOLLO,55,10
2336,All,MHRIL,580,0
2337,All,BLUESTARCO,952,14
2338,All,LOVABLE,0,0
2339,All,SBCL,141,15
2340,All,ARMANFIN,15,0
2341,All,ARVSMART,70,0
2342,All,TIIL,15,2
2343,All,VHL,11,0
2344,All,ACCELYA,27,0
2345,All,EXCELINDUS,67,1
2346,All,BAJAJHCARE,414,150
2347,All,DANISH,0,0
2348,All,MITTAL,919,584
2349,All,SBGLP,0,0
2350,All,RADIANTCMS,1,0
2351,All,GVKPIL,3591,2812
2352,All,STEELCITY,0,0
2353,All,VEEDOL,5,0
2354,All,IVP,0,1
2355,All,KODYTECH,50,0
2356,All,VIVIDHA,1359,707
2357,All,HIMATSEIDE,2680,286
2358,All,SALZERELEC,23,30
2359,All,CANBK,56475,3010
2360,All,SUPREMEPWR,1000,0
2361,All,GENUSPAPER,100,2
2362,All,NEWGEN,1142,83
2363,All,KSOLVES,29,9
2364,All,SURYAROSNI,1282,10
2365,All,RATNAVEER,478,6
2366,All,UTIAMC,612,8
2367,All,RADICO,235,4
2368,All,LYKALABS,1772,36
2369,All,PRUDENT,11,0
2370,All,RPGLIFE,6,0
2371,All,PHOENIXLTD,54,32
2372,All,DMART,0,0
2373,All,GTLINFRA,89937,23226
2374,All,BAJAJHLDNG,21,12
2375,All,MTARTECH,3,8
2376,All,KRONOX,4276,0
2377,All,GODIGIT,517,310
2378,All,AGRITECH,156,25
2379,All,AKZOINDIA,31,4
2380,All,BDL,4119,770
2381,All,NETWORK18,885,488
2382,All,KOTYARK,0,0
2383,All,HONDAPOWER,14,0
2384,All,NYKAA,680,599
2385,All,ADVENZYMES,282,0
2386,All,AVONMORE,7003,222
2387,All,MEDIASSIST,198,76
2388,All,NOCIL,13,20
2389,All,ASTRAMICRO,259,2
2390,All,GMMPFAUDLR,76,0
2391,All,NAGAFERT,2258,104
2392,All,MASTEK,212,11
2393,All,CYIENTDLM,163,31
2394,All,ZENTEC,365,92
2395,All,NEOGEN,122,2
2396,All,SOUTHWEST,192,0
2397,All,INDIAMART,95,4
2398,All,SIGNATURE,110,1
2399,All,RELTD,1539,0
2400,All,MANGCHEFER,1363,1
2401,All,JAGRAN,3607,382
2402,All,ORICONENT,10,0
2403,All,IFBIND,80,1
2404,All,CCHHL,187,0
2405,All,VIKASECO,4385,1685
2406,All,MMFL,47,0
2407,All,KOPRAN,8,0
2408,All,MSTCLTD,282,82
2409,All,KOTARISUG,1,0
2410,All,ITDCEM,309,0
2411,All,PRESTIGE,572,503
2412,All,BALAJITELE,1,0
2413,All,IRBINVIT,3,8
2414,All,LATENTVIEW,233,100
2415,All,INDBANK,200,0
2416,All,JSFB,125,0
2417,All,DODLA,4,0
2418,All,MAXHEALTH,232,66
2419,All,PNBGILTS,3137,1
2420,All,COLPAL,3772,888
2421,All,CHOLAHLDNG,21,5
2422,All,DYCL,94,0
2423,All,A2ZINFRA,0,0
2424,All,ASHIANA,100,0
2425,All,CERA,6,1
2426,All,TANLA,372,10
2427,All,EIHAHOTELS,131,11
2428,All,RELINFRA,1702,139
2429,All,BBOX,178,3
2430,All,MANOMAY,0,0
2431,All,GKWLIMITED,5,0
2432,All,RKSWAMY,41,0
2433,All,OAL,3,0
2434,All,CHOICEIN,106,0
2435,All,SHILPAMED,477,17
2436,All,AXITA,3424,60143
2437,All,PATELENG,3690,62
2438,All,STYLEBAAZA,0,0
2439,All,ENDURANCE,0,0
2440,All,ANDHRSUGAR,1251,0
2441,All,UNIECOM,258,100
2442,All,DREAMFOLKS,500,50
2443,All,SMARTLINK,8,0
2444,All,OPTIEMUS,51,0
2445,All,WOCKPHARMA,411,7
2446,All,INGERRAND,62,0
2447,All,REMSONSIND,0,0
2448,All,ASTERDM,4858,2302
2449,All,BHAGYANGR,50,35
2450,All,ZOTA,1,0
2451,All,GODFRYPHLP,16,2
2452,All,KMEW,8,0
2453,All,DCMSRIND,2,0
2454,All,APTUS,418,15
2455,All,POWERINDIA,17,0
2456,All,BHARATWIRE,252,0
2457,All,MONTECARLO,100,0
2458,All,POLYCAB,1032,99
2459,All,PDMJEPAPER,284,0
2460,All,OMAXAUTO,248,0
2461,All,ASHAPURMIN,230,0
2462,All,GULFPETRO,74,0
2463,All,GSLSU,1,0
2464,All,VAISHALI,58,10
2465,All,ARE&M,1189,12
2466,All,SVPGLOB,2,0
2467,All,IEX,23045,1109
2468,All,AARTIDRUGS,2,1
2469,All,SADBHAV,210,37
2470,All,HINDCOPPER,2787,9
2471,All,RUCHIRA,0,0
2472,All,TIRUMALCHM,177,50
2473,All,DRREDDY,2410,123
2474,All,BLKASHYAP,650,0
2475,All,MCX,89,12
2476,All,TARC,57,0
2477,All,SUTLEJTEX,0,0
2478,All,NUVOCO,405,49
2479,All,ANUP,44,27
2480,All,VASCONEQ,2320,0
2481,All,TRIGYN,0,0
2482,All,SURANAT&P,68,0
2483,All,RSYSTEMS,68,0
2484,All,FELDVR,10,0
2485,All,INDIAGLYCO,219,0
2486,All,GUFICBIO,0,0
2487,All,HITECH,334,10
2488,All,GABRIEL,32,8
2489,All,BHAGCHEM,250,0
2490,All,KRIDHANINF,1,0
2491,All,GALAPREC,3,19
2492,All,FINEORG,5,0
2493,All,MANBA,324,10
2494,All,BOROSCI,282,0
2495,All,SYMPHONY,10,0
2496,All,PRAKASH,142,59
2497,All,FIRSTCRY,47,1
2498,All,ASTRAZEN,28,0
2499,All,EIHOTEL,222,0
2500,All,THERMAX,6,7
2501,All,AUTOIND,0,0
2502,All,AWHCL,83,0
2503,All,NAZARA,120,4
2504,All,SOUTHBANK,25716,294
2505,All,GRAVITA,307,82
2506,All,DTIL,0,0
2507,All,CAPACITE,4528,157
2508,All,SURAJEST,0,0
2509,All,GUJALKALI,64,1
2510,All,GRAPHITE,1114,2
2511,All,ESAFSFB,92,1
2512,All,ROLEXRINGS,10,0
2513,All,GATEWAY,202,121
2514,All,BOSCHLTD,0,12
2515,All,JINDALSAW,962,554
2516,All,CONCOR,1765,64
2517,All,ORIANA,0,0
2518,All,GULPOLY,715,0
2519,All,STLTECH,5257,1201
2520,All,SOMANYCERA,198,0
2521,All,CASTROLIND,782,350
2522,All,360ONE,150,10
2523,All,FIVESTAR,114,202
2524,All,PARAGMILK,802,20
2525,All,POWERMECH,9,0
2526,All,FSL,2798,83
2527,All,PNGJL,155,0
2528,All,MAZDOCK,5037,545
2529,All,LODHA,870,136
2530,All,JINDALPHOT,53,0
2531,All,MINDACORP,108,0
2532,All,ECLERX,296,131
2533,All,SHRIRAMFIN,2126,87
2534,All,ANANDRATHI,53,10
2535,All,IONEXCHANG,1801,5
2536,All,INOXINDIA,8,0
2537,All,GTPL,50,0
2538,All,INSECTICID,0,0
2539,All,ANDHRAPAP,11,0
2540,All,CONTROLPR,6,0
2541,All,CGPOWER,5062,577
2542,All,JBMA,71,0
2543,All,BHEL,39613,365
2544,All,VINCOFE,501,1
2545,All,GNA,0,0
2546,All,CHEVIOT,3,0
2547,All,SPARC,297,0
2548,All,COALINDIA,0,0
2549,All,WINDLAS,9,0
2550,All,PARAS,271,100
2551,All,AMBUJACEM,6704,8
2552,All,STARCEMENT,77,1
2553,All,VOLTAMP,13,0
2554,All,IFGLEXPOR,18,0
2555,All,KRISHANA,0,0
2556,All,CLSEL,0,0
2557,All,KALYANKJIL,5779,383
2558,All,BAJAJHFL,19507,4810
2559,All,CHALET,147,6
2560,All,WEBELSOLAR,158,117
2561,All,GRMOVER,0,0
2562,All,MMTC,1476,3
2563,All,PARKHOTELS,395,496
2564,All,GPTINFRA,0,0
2565,All,RPSGVENT,0,2
2566,All,RAJRATAN,6,0
2567,All,RRKABEL,74,1
2568,All,BBL,13,2
2569,All,BAJAJHIND,38495,573
2570,All,5PAISA,30,0
2571,All,AHLUCONT,0,20
2572,All,BPL,200,0
2573,All,HAPPSTMNDS,238,120
2574,All,AMRUTANJAN,200,0
2575,All,MARKSANS,2868,120
2576,All,TASTYBITE,1,1
2577,All,MORARJEE,1,0
2578,All,AVANTIFEED,125,77
2579,All,SIEMENS,2318,9
2580,All,AGARIND,25,0
2581,All,INNOVACAP,0,0
2582,All,GARFIBRES,6,1
2583,All,POLYMED,141,63
2584,All,ARTEMISMED,28,48
2585,All,BHAGERIA,8,0
2586,All,KELLTONTEC,790,0
2587,All,BHARTIHEXA,681,47
2588,All,CAMPUS,571,182
2589,All,LINCOLN,20,0
2590,All,AXISCADES,52,0
2591,All,PLATIND,501,0
2592,All,GOPAL,58,37
2593,All,GOYALALUM,185,303
2594,All,STANLEY,14,0
2595,All,SHK,433,0
2596,All,PILANIINVS,0,0
2597,All,EMUDHRA,209,100
2598,All,UTKARSHBNK,1945,2054
2599,All,ZENSARTECH,1130,226
2600,All,MUKKA,3761,569
2601,All,RPPINFRA,391,69
2602,All,TREL,102,2
2603,All,SYNCOMF,6534,4
2604,All,AFCONS,0,0
2605,All,JWL,2309,99
2606,All,SIGACHI,6492,201
2607,All,BRIGADE,6,21
2608,All,QUESS,810,334
2609,All,ZFCVINDIA,201,41
2610,All,ABREL,52,476
2611,All,EXICOM,362,69
2612,All,CGCL,1038,250
2613,All,GANGESSECU,465,0
2614,All,CENTUM,0,0
2615,All,DCI,0,0
2616,All,SHAILY,1547,64
2617,All,HCC,58250,6315
2618,All,RPEL,117,0
2619,All,CGRAPHICS,0,0
2620,All,GUJGASLTD,162,100
2621,All,SHRIRAMPPS,123,3
2622,All,NIITMTS,1,11
2623,All,RKFORGE,112,32
2624,All,HCG,94,18
2625,All,ACMESOLAR,3051,457
2626,All,ALANKIT,458,0
2627,All,VINNY,1682,1650
2628,All,FCSSOFT,0,0
2629,All,NH,124,10
2630,All,ERIS,121,47
2631,All,ETHOSLTD,0,0
2632,All,LINDEINDIA,15,1
2633,All,HAL,2838,81
2634,All,PIDILITIND,158,0
2635,All,ENGINERSIN,0,0
2636,All,MIDHANI,516,309
2637,All,ARIES,330,0
2638,All,PRINCEPIPE,137,0
2639,All,PPL,21,0
2640,All,HTMEDIA,5,0
2641,All,INDIGRID,101,0
2642,All,FCL,203,9
2643,All,J&KBANK,2670,223
2644,All,CHEMCON,0,0
2645,All,3IINFOLTD,2435,10
2646,All,MUTHOOTFIN,61,1
2647,All,PAYTM,0,0
2648,All,HINDOILEXP,1,20
2649,All,NCC,8066,168
2650,All,RAJSREESUG,1,146
2651,All,ENVIRO,0,0
2652,All,NMDC,4019,234
2653,All,EKC,420,5
2654,All,SANGHIIND,420,0
2655,All,FINPIPE,467,104
2656,All,RVNL,0,0
2657,All,MAXIND,55,0
2658,All,TRACXN,20,0
2659,All,INFIBEAM,2520,2630
2660,All,HARRMALAYA,0,2
2661,All,ENSER,0,0
2662,All,ROSSARI,42,9
2663,All,SUVENPHAR,7,81
2664,All,IOB,16655,2027
2665,All,IMFA,0,0
2666,All,NUVAMA,10,4
2667,All,AJANTPHARM,1,0
2668,All,ATUL,7,0
2669,All,IRFC,38694,17006
2670,All,ASTRAL,122,299
2671,All,ESTER,10,11
2672,All,NEXTMEDIA,710,86
2673,All,CESC,1072,498
2674,All,KOHINOOR,61,22
2675,All,ORIENTTECH,270,17
2676,All,GREENPOWER,4812,235
2677,All,MOREPENLAB,15515,7011
2678,All,SWARAJENG,2,3
2679,All,HERCULES,10,1
2680,All,ABCAPITAL,2001,35
2681,All,JKLAKSHMI,128,6
2682,All,FAZE3Q,2,0
2683,All,PARACABLES,1527,815
2684,All,BAIDFIN,189,1
2685,All,MADRASFERT,20,0
2686,All,MAXESTATES,12,0
2687,All,ASHOKLEY,7818,1062
2688,All,TCIEXP,27,2
2689,All,SUPRAJIT,218,46
2690,All,SHANKARA,152,1
2691,All,JINDALSTEL,1037,23
2692,All,NLCINDIA,796,16
2693,All,SAMMAANCAP,1402,177
2694,All,PGEL,1834,96
2695,All,PNB,19594,1350
2696,All,SATIA,20,0
2697,All,KAJARIACER,153,7
2698,All,JLHL,5,0
2699,All,DELTACORP,1091,43
2700,All,APOLLO,1057,104
2701,All,VAIBHAVGBL,108,20
2702,All,FAIRCHEMOR,4,0
2703,All,NSIL,6,0
2704,All,HPAL,1,0
2705,All,IZMO,307,10
2706,All,WIPRO,0,0
2707,All,IFCI,7337,1567
2708,All,HBLPOWER,4381,2051
2709,All,RICOAUTO,331,0
2710,All,COSMOFIRST,1,0
2711,All,VESUVIUS,0,0
2712,All,RBA,1320,2
2713,All,CSLFINANCE,5,0
2714,All,UNOMINDA,810,120
2715,All,KPITTECH,589,226
2716,All,HAVELLS,1375,36
2717,All,SCI,5740,116
2718,All,JSWENERGY,913,77
2719,All,ARIHANTCAP,583,0
2720,All,ARKADE,420,50
2721,All,CYIENT,64,11
2722,All,VINYLINDIA,48,0
2723,All,TNPL,152,4
2724,All,IXIGO,101,0
2725,All,ALKYLAMINE,28,2
2726,All,LUMAXTECH,111,5
2727,All,PENINLAND,12,1
2728,All,GSFC,550,312
2729,All,TIINDIA,103,49
2730,All,NETWEB,285,8
2731,All,HEROMOTOCO,142,24
2732,All,VIKASLIFE,2877,7031
2733,All,IDBI,24623,1256
2734,All,STAR,389,480
2735,All,BASF,38,0
2736,All,HINDPETRO,348,139
2737,All,AMNPLST,0,0
2738,All,UBL,33,8
2739,All,SAKHTISUG,0,0
2740,All,PARADEEP,2614,186
2741,All,TDPOWERSYS,2009,149
2742,All,KTKBANK,3826,389
2743,All,GRINFRA,0,0
2744,All,RAYMONDLSL,25,1
2745,All,TORNTPOWER,266,9
2746,All,CONFIPET,187,11
2747,All,JMA,0,36
2748,All,MGL,249,11
2749,All,SFL,24,0
2750,All,XCHANGING,21,1
2751,All,RCF,3180,73
2752,All,RUPA,77,0
2753,All,DABUR,539,54
2754,All,PNCINFRA,712,794
2755,All,GANECOS,24,17
2756,All,ELIN,0,51
2757,All,BSL,1,0
2758,All,CANFINHOME,226,0
2759,All,MOIL,776,0
2760,All,APEX,0,9
2761,All,DBOL,10,0
2762,All,VISHWARAJ,42,0
2763,All,KFINTECH,168,113
2764,All,BANSWRAS,4,0
2765,All,SANDHAR,124,1
2766,All,VIRINCHI,4,2
2767,All,CAMS,235,108
2768,All,JUSTDIAL,66,0
2769,All,WABAG,139,25
2770,All,TRANSWORLD,1555,150
2771,All,TALBROAUTO,1965,100
2772,All,M&MFIN,220,57
2773,All,KBCGLOBAL,7511,14859
2774,All,SIKKO,5,0
2775,All,ASAL,1,0
2776,All,GANGAFORGE,0,20
2777,All,ENTERO,30,0
2778,All,ROUTE,13,0
2779,All,ROHLTD,55,0
2780,All,CAPLIPOINT,11,10
2781,All,PATINTLOG,101,23
2782,All,CENTRUM,25,1
2783,All,WSTCSTPAPR,206,0
2784,All,BANKBARODA,3171,706
2785,All,SPENCERS,0,0
2786,All,LICI,2081,892
2787,All,PRIVISCL,5,0
2788,All,DEN,44,0
2789,All,CANTABIL,51,0
2790,All,HEMIPROP,180,200
2791,All,INDUSINDBK,723,192
2792,All,WELSPUNLIV,1911,205
2793,All,ARVIND,132,269
2794,All,GANESHHOUC,504,16
2795,All,BODALCHEM,0,46
2796,All,RHIM,0,0
2797,All,HARIOMPIPE,14,0
2798,All,DIVISLAB,150,15
2799,All,VSTTILLERS,5,0
2800,All,HDFCAMC,22,10
2801,All,AHL,117,20
2802,All,3MINDIA,2,0
2803,All,ABBOTINDIA,0,0
2804,All,FORCEMOT,0,0
2805,All,HLEGLAS,77,21
2806,All,SINDHUTRAD,6,2
2807,All,APOLLOPIPE,54,14
2808,All,KALYANIFRG,0,0
2809,All,KIRLOSIND,0,1
2810,All,DEVYANI,904,2
2811,All,BALKRISIND,0,33
2812,All,VTL,0,20
2813,All,JKCEMENT,33,5
2814,All,SUDARSCHEM,301,142
2815,All,CENTRALBK,13037,489
2816,All,ICICIGI,19,17
2817,All,NESCO,50,0
2818,All,VLSFINANCE,1,1
2819,All,ONMOBILE,1003,255
2820,All,KSB,29,0
2821,All,CIGNITITEC,62,7
2822,All,ZEEL,0,0
2823,All,INDIANB,38,46
2824,All,FIEMIND,11,0
2825,All,KOLTEPATIL,0,1
2826,All,INDIASHLTR,0,0
2827,All,TAJGVK,134,66
2828,All,SRHHYPOLTD,20,100
2829,All,GSPL,127,44
2830,All,RTNPOWER,21959,768
2831,All,REPCOHOME,0,1
2832,All,BIOCON,3806,164
2833,All,TARIL,64,327
2834,All,ZUARI,165,0
2835,All,UNITDSPR,124,104
2836,All,DISHTV,22844,21032
2837,All,NCLIND,6,0
2838,All,DHAMPURSUG,0,0
2839,All,HDFCBANK,2567,1023
2840,All,EIDPARRY,222,55
2841,All,PFS,310,0
2842,All,MOTILALOFS,1917,127
2843,All,AGSTRA,20,0
2844,All,LTFOODS,1855,81
2845,All,APTECHT,50,0
2846,All,CELLO,15,0
2847,All,NELCO,0,0
2848,All,RAMCOSYS,75,1
2849,All,SUMICHEM,125,26
2850,All,ZEELEARN,1784,533
2851,All,INDOAMIN,78,0
2852,All,SDBL,32,0
2853,All,PERSISTENT,261,30
2854,All,KKCL,5,0
2855,All,SUNDARMFIN,0,0
2856,All,SOFTTECH,0,0
2857,All,KSL,0,0
2858,All,DWARKESH,136,0
2859,All,GRWRHITECH,9,7
2860,All,DOLLAR,1,0
2861,All,LIKHITHA,42,0
2862,All,SHYAMCENT,205,0
2863,All,CREDITACC,184,57
2864,All,TEJASNET,168,250
2865,All,HFCL,0,0
2866,All,AVTNPL,0,0
2867,All,KRBL,79,1
2868,All,BPCL,7836,1503
2869,All,DIFFNKG,3,21
2870,All,RESPONIND,0,0
2871,All,SSDL,46,0
2872,All,CDSL,6935,620
2873,All,BERGEPAINT,261,139
2874,All,ORIENTHOT,17,0
2875,All,AGI,0,23
2876,All,BANKINDIA,15636,1336
2877,All,BLS,290,29
2878,All,MANAKSIA,10,0
2879,All,ABDL,13,110
2880,All,SUBEXLTD,2573,261
2881,All,ASIANPAINT,511,74
2882,All,BESTAGRO,0,2
2883,All,JSWINFRA,571,49
2884,All,METROPOLIS,574,5
2885,All,GULFOILLUB,344,0
2886,All,RSWM,0,0
2887,All,PRIMESECU,0,0
2888,All,UGARSUGAR,1,10
2889,All,ABB,190,107
2890,All,TIMETECHNO,82,36
2891,All,NFL,3654,21
2892,All,ASMS,10,0
2893,All,JINDWORLD,72,18
2894,All,JAICORPLTD,428,221
2895,All,ALICON,3,0
2896,All,IGL,1021,110
2897,All,OLECTRA,439,230
2898,All,ESABINDIA,0,0
2899,All,MEDANTA,54,105
2900,All,VIJIFIN,3270,0
2901,All,BAJAJFINSV,299,21
2902,All,ZOMATO,40139,4542
2903,All,TATATECH,1534,334
2904,All,DATAMATICS,0,0
2905,All,GENESYS,331,60
2906,All,ULTRACEMCO,176,55
2907,All,JKTYRE,106,16
2908,All,MAHSCOOTER,0,0
2909,All,MEDPLUS,56,11
2910,All,BLACKBUCK,359,399
2911,All,IIFLSEC,70,4
2912,All,TFCILTD,284,5
2913,All,SULA,226,52
2914,All,SUNDARMHLD,1,0
2915,All,TVSSCS,709,0
2916,All,NRAIL,1,0
2917,All,LANDMARK,16,0
2918,All,RPTECH,0,0
2919,All,THYROCARE,0,0
2920,All,AUROPHARMA,95,24
2921,All,CRAFTSMAN,23,23
2922,All,GMRINFRA,19920,2744
2923,All,RATNAMANI,20,0
2924,All,MAITHANALL,3,0
2925,All,GLS,10,0
2926,All,TEGA,2,6
2927,All,BOMDYEING,1225,141
2928,All,AUTOAXLES,0,0
2929,All,SUNCLAY,1,0
2930,All,MPSLTD,4,0
2931,All,TBOTEK,41,60
2932,All,PRITI,0,0
2933,All,BFINVEST,102,0
2934,All,INFOBEAN,0,0
2935,All,AIIL,10,1
2936,All,AEGISLOG,27,0
2937,All,BLUEJET,0,0
2938,All,AETHER,1,0
2939,All,RAMCOCEM,56,1
2940,All,NAVNETEDUL,9,0
2941,All,TITAGARH,1030,151
2942,All,MONARCH,201,0
2943,All,FACT,248,15
2944,All,SONACOMS,378,105
2945,All,NPST,0,0
2946,All,SJVN,0,0
2947,All,SAGCEM,0,0
2948,All,KIRLOSBROS,338,107
2949,All,PITTIENG,47,0
2950,All,FORTIS,816,326
2951,All,KESORAMIND,45,46
2952,All,SUNDRMFAST,17,0
2953,All,JUBLFOOD,825,70
2954,All,ONGC,7175,3894
2955,All,ANGELONE,670,64
2956,All,SURYODAY,24,151
2957,All,EMBDL,1910,1433
2958,All,BIKAJI,0,0
2959,All,IITL,0,1
2960,All,BEML,253,65
2961,All,CENTURYPLY,8,0
2962,All,INDOSTAR,3,0
2963,All,SHOPERSTOP,13,13
2964,All,PFC,2297,269
2965,All,MANAKALUCO,1,8
2966,All,VARROC,50,5
2967,All,HSCL,1006,437
2968,All,CREATIVE,95,5
2969,All,BOROLTD,55,21
2970,All,CROMPTON,52,95
2971,All,IRMENERGY,0,0
2972,All,PGINVIT,760,298
2973,All,HERITGFOOD,583,20
2974,All,UTTAMSUGAR,0,0
2975,All,ONEPOINT,0,18
2976,All,OSWALGREEN,180,50
2977,All,SBC,881,10
2978,All,TATVA,0,0
2979,All,ORISSAMINE,0,0
2980,All,VISHNU,14,0
2981,All,ORIENTELEC,10,8
2982,All,SASTASUNDR,1,0
2983,All,AVADHSUGAR,0,0
2984,All,BALUFORGE,321,137
2985,All,RADIOCITY,31,11
2986,All,ONWARDTEC,11,0
2987,All,MOTHERSON,14210,608
2988,All,BAYERCROP,20,26
2989,All,SERVOTECH,2640,226
2990,All,NAVKARCORP,145,0
2991,All,EQUITASBNK,4716,274
2992,All,SPIC,1007,0
2993,All,ACI,106,1
2994,All,TAKE,0,20
2995,All,SUPRIYA,31,8
2996,All,HEXATRADEX,0,0
2997,All,ALOKINDS,5143,263
2998,All,PFIZER,1,0
2999,All,TATAINVEST,15,5
3000,All,KICL,10,7
3001,All,MPHASIS,152,6
3002,All,VENKEYS,26,200
3003,All,JPPOWER,92964,35009
3004,All,ACL,0,0
3005,All,BLUEDART,1,1
3006,All,EMAMIPAP,3,0
3007,All,SEPC,0,0
3008,All,UDS,127,26
3009,All,MOL,2,550
3010,All,JMFINANCIL,1820,1718
3011,All,LICHSGFIN,1,4
3012,All,KHAICHEM,136,0
3013,All,HDFCLIFE,392,809
3014,All,GILLETTE,31,0
3015,All,BEL,28030,8981
3016,All,OBEROIRLTY,214,78
3017,All,VPRPL,62,20
3018,All,KINGFA,1,0
3019,All,AWL,5193,84
3020,All,GHCL,773,50
3021,All,SSWL,0,75
3022,All,TEAMLEASE,4,1
3023,All,ADVANIHOTR,1,1
3024,All,INOXWIND,1388,2873
3025,All,JSL,56,0
3026,All,KAYNES,198,1
3027,All,GPTHEALTH,263,151
3028,All,RAILTEL,1109,137
3029,All,EDELWEISS,2725,535
3030,All,KIMS,116,22
3031,All,AZAD,282,50
3032,All,HIKAL,156,17
3033,All,SPORTKING,15,0
3034,All,JISLJALEQS,1141,1196
3035,All,NIITLTD,7171,1335
3036,All,MANALIPETC,120,0
3037,All,SUBROS,196,3
3038,All,NAVINFLUOR,45,3
3039,All,PVRINOX,168,53
3040,All,TPLPLASTEH,360,0
3041,All,THOMASCOOK,82,80
3042,All,PTC,869,0
3043,All,PRSMJOHNSN,212,0
3044,All,SNOWMAN,1003,0
3045,All,IOLCP,162,30
3046,All,AMIORG,138,2
3047,All,UJJIVANSFB,0,0
3048,All,DHANI,5794,3599
3049,All,NRBBEARING,90,0
3050,All,AERON,0,0
3051,All,ADSL,238,175
3052,All,EMSLIMITED,109,0
3053,All,ASTRON,100,101
3054,All,RAIN,68,44
3055,All,LGBBROSLTD,0,0
3056,All,BECTORFOOD,39,20
3057,All,JINDRILL,1,13
3058,All,KRSNAA,92,0
3059,All,ALKEM,1,3
3060,All,TATAPOWER,10134,1529
3061,All,JUBLINGREA,1,67
3062,All,SHREEPUSHK,13,701
3063,All,AARTIIND,287,138
3064,All,DAVANGERE,4201,10573
3065,All,KIOCL,312,1
3066,All,SYNGENE,268,153
3067,All,PIXTRANS,29,5
3068,All,MARATHON,0,15
3069,All,FLUOROCHEM,2,1
3070,All,HGINFRA,16,1
3071,All,UCOBANK,413,4154
3072,All,SUZLON,76796,50007
3073,All,POKARNA,26,0
3074,All,SCHAEFFLER,1,0
3075,All,PALASHSECU,0,0
3076,All,TRIDENT,9357,8487
3077,All,DBEIL,0,0
3078,All,AUBANK,521,15
3079,All,SOLARINDS,11,11
3080,All,PSPPROJECT,42,2
3081,All,PAR,13,0
3082,All,STERTOOLS,331,0
3083,All,IOC,26206,3596
3084,All,GODREJAGRO,20,100
3085,All,SGIL,41,119
3086,All,JASH,370,1
3087,All,TRITURBINE,4366,1824
3088,All,SPCENET,0,3
3089,All,ACE,27,100
3090,All,SUPREMEIND,33,1
3091,All,BAJFINANCE,116,4
3092,All,MIRZAINT,103,0
3093,All,LTIM,92,36
3094,All,ELECTCAST,2362,220
3095,All,BALMLAWRIE,140,9
3096,All,SOBHA,74,42
3097,All,EASEMYTRIP,0,0
3098,All,JSLL,0,0
3099,All,JAYBARMARU,408,0
3100,All,SRF,152,241
3101,All,SBILIFE,142,7
3102,All,SIGNPOST,1274,0
3103,All,GLOBUSSPR,37,25
3104,All,MSPL,601,3
3105,All,BANDHANBNK,2679,373
3106,All,UNITECH,0,0
3107,All,NTPC,11064,5827
3108,All,JKIL,153,1
3109,All,CHENNPETRO,745,155
3110,All,ASIANTILES,10,250
3111,All,SRD,1,0
3112,All,DEEPAKFERT,1586,73
3113,All,GENUSPOWER,853,285
3114,All,GMDCLTD,362,5
3115,All,NEULANDLAB,11,10
3116,All,KIRLOSENG,54,35
3117,All,SWELECTES,59,0
3118,All,IRCON,0,0
3119,All,IDFCFIRSTB,0,0
3120,All,RATEGAIN,11,13
3121,All,GLENMARK,88,3
3122,All,IPCALAB,12,3
3123,All,MEDICAMEQ,0,0
3124,All,MAHABANK,6896,1363
3125,All,DBL,20,0
3126,All,ORIENTCEM,663,64
3127,All,NITINSPIN,30,20
3128,All,PAGEIND,4,9
3129,All,GALAXYSURF,7,0
3130,All,SJS,902,1275
3131,All,ANANTRAJ,238,134
3132,All,SBFC,508,43
3133,All,AGIIL,8,15
3134,All,BARBEQUE,15,1
3135,All,GODREJIND,37,5
3136,All,APLLTD,10,0
3137,All,GOKULAGRO,150,50
3138,All,VINATIORGA,10,0
3139,All,VISAKAIND,10,0
3140,All,ACLGATI,0,0
3141,All,KPIGREEN,314,78
3142,All,TRENT,198,290
3143,All,DHARMAJ,23,11
3144,All,ORIENTCER,24,100
3145,All,THEMISMED,0,0
3146,All,LLOYDSME,140,60
3147,All,POLYPLEX,123,2
3148,All,ESCORTS,8,22
3149,All,MANKIND,82,25
3150,All,CUMMINSIND,141,0
3151,All,MAHLOG,120,14
3152,All,JCHAC,1,0
3153,All,SBICARD,86,17
3154,All,MSUMI,3006,1319
3155,All,IDEAFORGE,121,50
3156,All,SICALLOG,0,0
3157,All,INTLCONV,0,50
3158,All,COFORGE,114,175
3159,All,AIAENG,4,73
3160,All,UNIONBANK,0,0
3161,All,V2RETAIL,0,10
3162,All,ABSLAMC,225,168
3163,All,ALLCARGO,2601,39
3164,All,HATSUN,13,0
3165,All,ACC,177,34
3166,All,SKIPPER,1098,0
3167,All,NIVABUPA,2117,481
3168,All,BHINVIT,3,150
3169,All,KAMATHOTEL,0,2
3170,All,GSS,6,0
3171,All,ORIENTPPR,16,0
3172,All,EICHERMOT,247,34
3173,All,REDTAPE,20,21
3174,All,BRITANNIA,49,17
3175,All,NAVA,19,16
3176,All,ITI,236,628
3177,All,BAJAJCON,59,0
3178,All,PRECAM,136,100
3179,All,BHARATFORG,67,1
3180,All,NATIONALUM,0,0
3181,All,SANSERA,108,6
3182,All,STEELCAS,0,0
3183,All,GICHSGFIN,3,0
3184,All,SADHNANIQ,39,500
3185,All,GOCLCORP,5,0
3186,All,BAJEL,77,93
3187,All,LXCHEM,318,113
3188,All,CYBERMEDIA,101,0
3189,All,GEPIL,21,60
3190,All,LT,682,268
3191,All,TVSMOTOR,104,8
3192,All,FUSION,41,200
3193,All,RELIGARE,2,1
3194,All,PRICOLLTD,0,0
3195,All,ABAN,1,151
3196,All,LAOPALA,1,25
3197,All,LEMONTREE,5667,1054
3198,All,SHYAMMETL,66,0
3199,All,SAGILITY,328035,48718
3200,All,THANGAMAYL,14,2
3201,All,ICICIBANK,1255,463
3202,All,MENONBE,0,0
3203,All,OMINFRAL,60,171
3204,All,NAM-INDIA,51,16
3205,All,VIPIND,63,0
3206,All,EPL,32,1
3207,All,MARUTI,33,76
3208,All,JIOFIN,15605,1215
3209,All,BALAMINES,0,0
3210,All,JITFINFRA,77,0
3211,All,BLAL,30,100
3212,All,CLEAN,29,8
3213,All,TECHM,428,66
3214,All,MRF,3,1
3215,All,TITAN,1062,96
3216,All,ITC,0,0
3217,All,GAIL,8456,514
3218,All,MAHLIFE,104,55
3219,All,HINDZINC,538,42
3220,All,FEDFINA,1043,197
3221,All,HNDFDS,56,1
3222,All,CAMLINFINE,205,38
3223,All,ICEMAKE,4,7
3224,All,STYRENIX,0,0
3225,All,LTTS,36,32
3226,All,GPIL,262,40
3227,All,KECL,561,12
3228,All,NIACL,1267,95
3229,All,TCI,6,10
3230,All,NESTLEIND,156,71
3231,All,BIRLACORPN,16,4
3232,All,CARTRADE,71,30
3233,All,GRASIM,10,0
3234,All,KOTAKBANK,174,94
3235,All,DALBHARAT,18,6
3236,All,TORNTPHARM,14,3
3237,All,ALEMBICLTD,0,100
3238,All,KIRLPNU,86,61
3239,All,POWERGRID,2477,357
3240,All,SENCO,125,115
3241,All,ELECON,79,3
3242,All,SBIN,4685,1102
3243,All,SUNDARAM,69,0
3244,All,SHALPAINTS,0,0
3245,All,COMPUSOFT,0,3
3246,All,ZYDUSWELL,0,0
3247,All,HEIDELBERG,1,0
3248,All,QUICKHEAL,6,63
3249,All,TRIVENI,46,207
3250,All,JGCHEM,239,84
3251,All,SIS,0,0
3252,All,DYNAMATECH,2,12
3253,All,COROMANDEL,17,10
3254,All,LAXMICOT,0,0
3255,All,DRCSYSTEMS,2,418
3256,All,MANYAVAR,50,4
3257,All,UGROCAP,47,0
3258,All,SAMHI,97,50
3259,All,RUSHIL,3,2
3260,All,SHREDIGCEM,95,0
3261,All,SASKEN,26,0
3262,All,JNKINDIA,0,23
3263,All,DOLATALGO,130,0
3264,All,RAJESHEXPO,474,317
3265,All,LALPATHLAB,28,161
3266,All,WEL,1,0
3267,All,DENTALKART,0,0
3268,All,PIONEEREMB,0,0
3269,All,TEXINFRA,249,42
3270,All,DLF,2300,919
3271,All,NILAINFRA,3885,119
3272,All,IRCTC,1388,2175
3273,All,INDTERRAIN,5,1
3274,All,IPL,92,0
3275,All,UFLEX,0,0
3276,All,CENTEXT,14,0
3277,All,VSSL,0,0
3278,All,HAVISHA,0,0
3279,All,SKFINDIA,16,13
3280,All,MARICO,838,75
3281,All,SHRIPISTON,0,0
3282,All,IRB,0,0
3283,All,WELCORP,158,33
3284,All,NAHARSPING,0,0
3285,All,MOTISONS,275,2233
3286,All,HOMEFIRST,53,0
3287,All,ICIL,15,30
3288,All,CELEBRITY,0,0
3289,All,TATACHEM,100,105
3290,All,AAATECH,0,0
3291,All,HERANBA,2,30
3292,All,JAIBALAJI,15,0
3293,All,RAINBOW,122,286
3294,All,DVL,1,80
3295,All,GREENPLY,0,0
3296,All,CUBEXTUB,0,0
3297,All,ARVINDFASN,78,174
3298,All,HUBTOWN,100,0
3299,All,JTLIND,30,0
3300,All,INDOBORAX,10,0
3301,All,PTL,20,0
3302,All,PPLPHARMA,1553,137
3303,All,NILKAMAL,0,0
3304,All,APARINDS,0,0
3305,All,DCAL,212,158
3306,All,MASFIN,0,0
3307,All,LAURUSLABS,453,487
3308,All,PVSL,56,0
3309,All,CUPID,126,77
3310,All,SOMICONVEY,0,0
3311,All,NARMADA,17,0
3312,All,IEL,25047,11
3313,All,GLAXO,1,4
3314,All,KPIL,19,0
3315,All,VSTIND,170,10
3316,All,SUNTECK,618,20
3317,All,JAYAGROGN,0,0
3318,All,PATANJALI,59,2
3319,All,GTECJAINX,0,0
3320,All,INDGN,0,33
3321,All,CHEMPLASTS,100,202
3322,All,JSWSTEEL,354,798
3323,All,SUULD,0,0
3324,All,SIGMA,0,127
3325,All,EXIDEIND,3571,1094
3326,All,RBLBANK,1514,5554
3327,All,APOLLOTYRE,59,200
3328,All,JKPAPER,100,1
3329,All,DHANUKA,0,2
3330,All,CARYSIL,8,14
3331,All,KRITIKA,46,0
3332,All,WINSOME,0,10
3333,All,AAVAS,20,10
3334,All,ELGIEQUIP,157,143
3335,All,RGL,153,0
3336,All,STCINDIA,1,0
3337,All,DPWIRES,15,0
3338,All,DIAMONDYD,2,0
3339,All,PEARLPOLY,50,0
3340,All,AARTISURF,0,0
3341,All,HEUBACHIND,0,1
3342,All,AHLEAST,0,0
3343,All,UPL,230,143
3344,All,SHARDAMOTR,0,0
3345,All,BAFNAPH,0,1
3346,All,MANINDS,4,0
3347,All,GLAND,12,20
3348,All,VINDHYATEL,0,0
3349,All,DPABHUSHAN,1,0
3350,All,FDC,6,0
3351,All,SAFARI,0,6
3352,All,POONAWALLA,701,300
3353,All,HONAUT,0,0
3354,All,VOLTAS,334,8
3355,All,SAIL,6074,14831
3356,All,MBECL,2,0
3357,All,METROBRAND,2,0
3358,All,YATHARTH,13,180
3359,All,SAREGAMA,530,19
3360,All,INDOTHAI,1,0
3361,All,DPEL,0,0
3362,All,SHARDACROP,186,0
3363,All,ASAHIINDIA,35,1
3364,All,STYLAMIND,0,7
3365,All,FEDERALBNK,4077,2346
3366,All,RAMASTEEL,13592,6183
3367,All,BTML,253,9
3368,All,ANSALAPI,0,0
3369,All,SAURASHCEM,110,184
3370,All,MAANALU,32,10
3371,All,PGIL,1,50
3372,All,SPAL,1,25
3373,All,EMCURE,8,0
3374,All,INVENTURE,1099,300
3375,All,DBCORP,20,0
3376,All,MIRCELECTR,10,0
3377,All,CARBORUNIV,5,0
3378,All,KAUSHALYA,0,0
3379,All,DNAMEDIA,21,0
3380,All,INOXGREEN,209,0
3381,All,GRANULES,825,74
3382,All,MAHSEAMLES,2,265
3383,All,PRECWIRE,100,0
3384,All,PNC,0,0
3385,All,SUNPHARMA,644,58
3386,All,HDIL,11,0
3387,All,PAKKA,4,0
3388,All,SCHAND,10,0
3389,All,PDSL,5,0
3390,All,KAMDHENU,735,22
3391,All,HECPROJECT,0,0
3392,All,RELAXO,0,0
3393,All,RENUKA,2293,2596
3394,All,SUVEN,9,0
3395,All,HUHTAMAKI,15,0
3396,All,PNBHOUSING,60,9
3397,All,KABRAEXTRU,350,2
3398,All,TIMKEN,1,28
3399,All,DCW,2355,89
3400,All,APOLLOHOSP,53,82
3401,All,REFEX,351,153
3402,All,TRF,0,0
3403,All,SYRMA,411,127
3404,All,HEG,143,96
3405,All,SANOFI,3,0
3406,All,DIACABS,0,29
3407,All,PEL,777,312
3408,All,TATACONSUM,322,541
3409,All,RACLGEAR,0,0
3410,All,SIYSIL,554,578
3411,All,HGS,72,4
3412,All,DIVGIITTS,0,8
3413,All,DLINKINDIA,17,0
3414,All,HARSHA,5,0
3415,All,ZAGGLE,1970,33
3416,All,EXXARO,51,100
3417,All,LUXIND,1,0
3418,All,CENTENKA,0,0
3419,All,HINDALCO,969,34
3420,All,RALLIS,35,0
3421,All,VBL,2639,756
3422,All,VENUSREM,0,0
3423,All,SHAREINDIA,46,91
3424,All,PAISALO,853,270
3425,All,OMAXE,16,246
3426,All,WESTLIFE,133,0
3427,All,BHARATGEAR,0,0
3428,All,LUPIN,412,174
3429,All,PENIND,701,1
3430,All,BSOFT,915,102
3431,All,AEROFLEX,558,235
3432,All,PETRONET,328,52
3433,All,CEATLTD,43,25
3434,All,DOMS,28,210
3435,All,DCBBANK,945,95
3436,All,DATAPATTNS,187,53
3437,All,HINDUNILVR,397,80
3438,All,FINCABLES,62,1
3439,All,IGPL,10,0
3440,All,HMT,0,10
3441,All,RECLTD,0,0
3442,All,KLL,0,0
3443,All,BLBLIMITED,1327,0
3444,All,USHAMART,73,0
3445,All,MANAPPURAM,1516,4203
3446,All,TEXRAIL,4922,317
3447,All,VGUARD,107,29
3448,All,MAYURUNIQ,3,26
3449,All,ZUARIIND,3,0
3450,All,CMSINFO,186,68
3451,All,SALASAR,9406,123
3452,All,LLOYDSENT,1176,10
3453,All,KARURVYSYA,200,1263
3454,All,SWANENERGY,498,885
3455,All,GREAVESCOT,169,454
3456,All,OFSS,22,9
3457,All,GANDHAR,96,131
3458,All,CONCORDBIO,5,0
3459,All,DIXON,0,0
3460,All,SHREECEM,1,11
3461,All,SHALBY,1,1
3462,All,ASKAUTOLTD,57,27
3463,All,LCCINFOTEC,486,319
3464,All,AADHARHFC,21,50
3465,All,ABFRL,74,635
3466,All,LAGNAM,227,0
3467,All,ZYDUSLIFE,45,681
3468,All,AXISBANK,2851,52
3469,All,TATAELXSI,51,20
3470,All,OBCL,1,10
3471,All,WORTH,1,0
3472,All,GODREJCP,33,207
3473,All,FIBERWEB,1853,2
3474,All,IMAGICAA,88,30
3475,All,GEOJITFSL,200,0
3476,All,ICICIPRULI,0,0
3477,All,TATAMOTORS,8822,3415
3478,All,HINDCON,227,0
3479,All,BALKRISHNA,0,1905
3480,All,GICRE,52,200
3481,All,SMCGLOBAL,0,0
3482,All,MUTHOOTCAP,0,0
3483,All,LEXUS,220,0
3484,All,HESTERBIO,0,0
3485,All,INDSWFTLTD,4,148
3486,All,JYOTHYLAB,233,262
3487,All,CRISIL,8,26
3488,All,CUB,595,470
3489,All,KPRMILL,2,14
3490,All,CARERATING,82,33
3491,All,TEXMOPIPES,0,0
3492,All,MOLDTKPAC,10,22
3493,All,VARDHACRLC,40,0
3494,All,BALRAMCHIN,131,177
3495,All,UMANGDAIRY,1,120
3496,All,KRN,442,31
3497,All,PGHH,0,0
3498,All,EPACK,84,0
3499,All,HIL,1,0
3500,All,THEJO,1,0
3501,All,TTKPRESTIG,0,11
3502,All,TI,2106,340
3503,All,GOODLUCK,57,67
3504,All,FOODSIN,0,0
3505,All,INDUSTOWER,2521,864
3506,All,GANESHBE,0,0
3507,All,RIIL,26,1
3508,All,WHIRLPOOL,0,20
3509,All,NECCLTD,207,332
3510,All,HINDWAREAP,20,0
3511,All,LTF,11789,318
3512,All,MRPL,308,385
3513,All,MUTHOOTMF,9,0
3514,All,BSHSL,160,0
3515,All,NAUKRI,13,92
3516,All,PRAKASHSTL,574,1942
3517,All,SAPPHIRE,72,0
3518,All,KALAMANDIR,11,1
3519,All,ORCHPHARMA,32,0
3520,All,ALLDIGI,10,8
3521,All,DBREALTY,665,1933
3522,All,SUNFLAG,1,0
3523,All,KNRCON,481,1065
3524,All,ASTEC,0,0
3525,All,INDIACEM,100,35
3526,All,RELIANCE,4958,1362
3527,All,NHPC,0,0
3528,All,ATL,25,0
3529,All,MAHAPEXLTD,40,0
3530,All,AJOONI,377,800
3531,All,LOKESHMACH,10,104
3532,All,SATINDLTD,0,0
3533,All,LOTUSEYE,1,0
3534,All,TVTODAY,76,550
3535,All,GAEL,143,1
3536,All,BAJAJ-AUTO,155,55
3537,All,ADANIPORTS,0,0
3538,All,TVSSRICHAK,0,0
3539,All,GMBREW,1,17
3540,All,JAGSNPHARM,71,11
3541,All,SWSOLAR,420,66
3542,All,STOVEKRAFT,0,0
3543,All,VIJAYA,31,256
3544,All,KRYSTAL,30,55
3545,All,TCS,260,129
3546,All,HCLTECH,346,74
3547,All,UNICHEMLAB,0,0
3548,All,TECHNOE,46,240
3549,All,INTERARCH,111,36
3550,All,JYOTICNC,21,21
3551,All,M&M,2332,567
3552,All,VALIANTORG,9,0
3553,All,CLEDUCATE,0,0
3554,All,TATACOMM,64,5
3555,All,BATAINDIA,25,7
3556,All,MFSL,4,49
3557,All,ISEC,7,43
3558,All,ANURAS,0,3
3559,All,KANANIIND,885,2025
3560,All,PRAXIS,0,1
3561,All,SANOFICONR,0,0
3562,All,RAMKY,161,11
3563,All,DEEPAKNTR,0,73
3564,All,INDORAMA,0,1203
3565,All,TATASTEEL,18844,11264
3566,All,FILATEX,302,496
3567,All,KROSS,176,1
3568,All,KSCL,2,30
3569,All,WELENT,29,5
3570,All,BEPL,364,10
3571,All,NUCLEUS,1,54
3572,All,RADHIKAJWE,145,35
3573,All,WHEELS,1,0
3574,All,AARTIPHARM,1,37
3575,All,TMB,1,208
3576,All,RKEC,0,20
3577,All,JTEKTINDIA,0,41
3578,All,CIPLA,302,7
3579,All,EVEREADY,4,0
3580,All,EMAMILTD,137,18
3581,All,GNFC,270,49
3582,All,IKIO,2,0
3583,All,BHARTIARTL,510,1318
3584,All,MAPMYINDIA,89,27
3585,All,ATAM,2,273
3586,All,NAHARPOLY,90,0
3587,All,NOVAAGRI,423,2250
3588,All,KEI,45,156
3589,All,STARPAPER,0,5
3590,All,PARAGON,0,0
3591,All,GESHIP,144,10
3592,All,SAH,0,0
3593,All,GOLDIAM,55,11
3594,All,SIRCA,156,912
3595,All,DELTAMAGNT,26,61
3596,All,INDIGOPNTS,21,3
3597,All,SATIN,40,2
3598,All,PILITA,0,100
3599,All,INFY,795,3771
3600,All,JINDALPOLY,10,14
3601,All,VIMTALABS,18,99
3602,All,KDDL,1,0
3603,All,YASHO,0,0
3604,All,IWEL,0,1
3605,All,REPRO,7,0
3606,All,SONAMLTD,20,203
3607,All,SAMBHAAV,482,223
3608,All,DALMIASUG,112,0
3609,All,INDHOTEL,590,128
3610,All,DCMSHRIRAM,61,12
3611,All,TIPSMUSIC,204,13
3612,All,RITCO,0,20
3613,All,DYNPRO,0,25
3614,All,UFO,0,0
3615,All,AMJLAND,62,104
3616,All,GPPL,184,601
3617,All,ORIENTLTD,2,0
3618,All,DSSL,3,0
3619,All,DELHIVERY,1342,31
3620,All,MAHESHWARI,0,8
3621,All,SANDUMA,51,65
3622,All,SKMEGGPROD,11,0
3623,All,ADFFOODS,178,1500
3624,All,ARENTERP,345,0
3625,All,MANGLMCEM,0,0
3626,All,PANAMAPET,22,650
3627,All,NDTV,1587,400
3628,All,CIEINDIA,74,372
3629,All,WONDERLA,1,4
3630,All,TNPETRO,32,637
3631,All,RACE,0,20
3632,All,SALSTEEL,1,161
3633,All,MANUGRAPH,0,0
3634,All,KIRIINDUS,193,490
3635,All,ASALCBR,1,0
3636,All,ICRA,0,25
3637,All,SUNTV,7,0
3638,All,AVALON,121,43
3639,All,GODREJPROP,0,0
3640,All,SMSPHARMA,0,0
3641,All,VALIANTLAB,0,0
3642,All,SESHAPAPER,0,12
3643,All,JBCHEPHARM,0,5
3644,All,VMART,3,12
3645,All,SREEL,0,300
3646,All,VRAJ,15,0
3647,All,CHOLAFIN,25,4
3648,All,AARON,39,15
3649,All,MVGJL,5,71
3650,All,MANORAMA,7,5
3651,All,TTL,29,562
3652,All,RML,0,0
3653,All,KCP,199,2358
3654,All,YESBANK,105864,28698
3655,All,PREMIERENE,472,5202
3656,All,XPROINDIA,435,663
3657,All,MMP,0,0
3658,All,ATALREAL,289,1
3659,All,AKG,0,0
3660,All,SCHNEIDER,53,1006
3661,All,LAMBODHARA,250,11
3662,All,AAKASH,76,1052
3663,All,POLICYBZR,135,520
3664,All,PLAZACABLE,33,1870
3665,All,CSBBANK,55,456
3666,All,OIL,370,6968
3667,All,EROSMEDIA,155,2
3668,All,HMVL,0,0
3669,All,REDINGTON,108,850
3670,All,HYUNDAI,0,0
3671,All,LUMAXIND,0,0
3672,All,NTPCGREEN,273934,159339
3673,All,ARROWGREEN,28,12
3674,All,HAPPYFORGE,1,0
3675,All,BINANIIND,30,0
3676,All,FINOPB,0,15
3677,All,AVG,4,25
3678,All,SOTL,0,30
3679,All,ATFL,15,0
3680,All,SEAMECLTD,10,38
3681,All,KOKUYOCMLN,19,125
3682,All,AMBER,40,481
3683,All,DEVIT,44,136
3684,All,TECHLABS,0,125
3685,All,PREMIERPOL,3,0
3686,All,VIPCLOTHNG,2,151
3687,All,XELPMOC,0,0
3688,All,GRINDWELL,3,67
3689,All,ADORWELD,13,79
3690,All,PREMIUM,0,0
3691,All,ALBERTDAVD,2,0
3692,All,RITES,0,0
3693,All,TOLINS,659,1900
3694,All,ACEINTEG,0,0
3695,All,SKYGOLD,238,401
3696,All,SURYALAXMI,0,121
3697,All,SHAKTIPUMP,0,0
3698,All,NSLNISP,1578,4231
3699,All,ABMINTLLTD,0,0
3700,All,PCJEWELLER,1264,280
3701,All,VETO,0,430
3702,All,UNIVASTU,0,204
3703,All,SILINV,0,25
3704,All,SUMIT,0,0
3705,All,PRAJIND,217,2564
3706,All,TTML,0,0
3707,All,IMPAL,0,40
3708,All,PANACEABIO,0,96
3709,All,BIGBLOC,567,3010
3710,All,BIKEWO,0,0
3711,All,PIGL,83,31
3712,All,MANAKSTEEL,0,100
3713,All,BMETRICS,0,0
3714,All,ELECTHERM,1,28
3715,All,RUBFILA,0,0
3716,All,VLEGOV,500,320
3717,All,KSHITIJPOL,222,1009
3718,All,SHIVAMAUTO,6,2
3719,All,USK,20,527
3720,All,KREBSBIO,127,241
3721,All,21STCENMGM,0,5139
3722,All,WANBURY,0,300
3723,All,LATTEYS,0,0
3724,All,KARMAENG,132,0
3725,All,BIRLAMONEY,0,0
3726,All,JUNIPER,2,0
3727,All,AIROLAM,0,0
3728,All,GVT&D,82,2742
3729,All,GOKUL,2,440
3730,All,JSWHL,0,55
3731,All,RUBYMILLS,474,1625
3732,All,EQUIPPP,0,51
3733,All,PAVNAIND,0,3
3734,All,SAHASRA,0,800
3735,All,MFML,0,180
3736,All,3PLAND,609,2298
3737,All,KOTHARIPRO,0,0
3738,All,NAGREEKCAP,521,648
3739,All,PERFECT,0,3000
3740,All,NILASPACES,7918,111
3741,All,SHEKHAWATI,30,205
3742,All,LAKPRE,0,10000
3743,All,AKASH,124,10
3744,All,RHFL,5182,74660
3745,All,SRM,464,3031
